actor_account_id,churn_yn,survival_time
002CC4EC,0,126
003B1E06,0,232
003D42CD,0,34
006093EB,0,87
0067CFF2,1,18
00731F6C,0,51
007C7AEA,0,63
007DA514,1,15
008285F2,0,273+
00834BCF,0,66
0086503D,0,30
008999EA,0,273+
008B8315,0,276+
008E8AF0,0,27
00C172F0,0,65
00CBE7F7,1,21
00CE46EF,1,21
00D81497,0,115
00D81DCB,0,273+
00DDAEEA,0,273+
00E1A8EB,0,254
00EE61F2,1,21
00F7F5CF,0,273+
00FB45EC,0,273+
00FC17FD,1,19
010010EB,0,276+
01032B49,1,19
01180EEB,0,273+
014267EC,0,267+
0155A7EE,0,273+
015635EC,0,273+
015820FE,1,17
01679B62,0,36
01AAC5B1,0,273+
01C03A3E,1,18
01C45DEC,1,20
0205A717,0,69
020F663F,1,19
021014FD,1,15
0216AD21,1,18
022E7E7A,1,21
024197F3,0,272+
0252CFA7,0,273+
026EF040,1,21
0270A04D,0,273+
027CED6D,0,275+
02883F45,0,273+
02A0AA0B,1,17
02A4ABE4,0,274+
02EBA555,1,20
02FAB1EF,0,86
030114EC,0,273+
0302FEDF,0,256+
030386E6,0,238
0304437A,0,135
03137CFD,0,94
031E8DEE,0,261+
032FCAF6,1,25
03378B3A,0,273+
033F42F8,0,273+
0341F57F,1,21
034C24EB,1,18
03625494,0,273+
036DB130,1,20
037E261F,0,149
03991E26,0,269+
039C51EE,1,23
039DFB34,1,18
03A690EF,0,107
03AA8038,1,19
03BFF4ED,0,244
03E14E7F,1,19
03F80BF4,0,259
03FDD6EE,0,173
040390F5,0,114
040AF8FB,0,63
042548EE,1,21
042B33F5,1,20
0448D42F,0,273+
0461AFFB,1,21
04694C14,1,21
046C4409,1,19
048236F6,0,140
04831E82,0,273+
04871600,0,184
0488D53D,0,102
04983840,0,47
04B7E0EC,1,21
04BBB9F4,0,94
04C77735,0,27
04EA8BA9,1,21
04F49F8A,1,21
04F65978,0,273+
04FF70F5,1,20
0502ABF8,0,273+
05139AEF,0,273+
0517A9F4,0,248
051AA4EB,0,275+
05465B15,0,273+
05514736,1,18
055AA402,0,274+
055C0AC0,0,273+
055DD765,1,18
056151F0,0,273+
056A574C,0,103
056D4BE2,0,127
058909FF,0,273+
05909783,1,22
05BC098A,0,53
05C5EEF9,1,20
05E638F6,1,25
05ECF18E,1,20
05F6C4EF,0,273+
05FBDF66,0,273+
05FC19D8,1,18
0602B6EA,0,272+
0604C7A8,0,93
060C1BF7,1,20
060CADDC,0,271+
061D5BC5,1,20
0624ADA6,0,263+
062C8C03,1,17
064EC1FB,0,261
064F62EE,1,19
065C744D,0,25
0662BDFE,0,274+
06A2CB4B,0,273+
06B492FC,0,31
06CDBD5A,0,275+
06D954FC,0,274+
06E719B4,0,273+
06F1120E,1,20
06F88FEA,1,17
0700EC82,0,145
0719C1C3,1,16
071B1BA9,0,50
074EA5F5,0,273+
07501B27,1,18
075576FA,1,17
07583EF0,1,20
075F24F5,0,75
0762BFF7,0,273+
076D20FC,0,159
077DA243,0,273+
0799D1F4,1,17
07B3A2C8,0,276+
07B4CEF8,0,273+
07B681E2,1,21
07C6EC88,0,240
07C7A6B6,0,167
07C95AF2,0,273+
07EC7EF9,1,19
07EE2DAE,0,152
07F265F8,0,273+
07F3A4EE,0,95
08087FEC,1,20
080D32F4,0,273+
081E5AED,0,274+
082C66EB,0,273+
083B3CD3,0,218
085E97F3,0,106
086EA5EA,0,60
088477FB,1,18
08AA45D9,1,22
08CCE41E,0,274+
08F6BCEC,1,19
08FEEDE4,1,19
091767A3,0,154
091A888B,1,20
091E4EF8,0,56
092AC2F3,0,26
09388F9D,1,16
09401415,1,22
0954BE69,0,78
095D49F8,0,100
09659BBD,0,273+
096609EB,0,272+
09728BF3,0,268+
097D4CF2,0,240
09977B7B,1,20
09987CD4,0,274+
099985F2,0,53
099D188F,0,271+
09B116A5,1,17
09B7E369,0,50
09C413A6,0,110
09E113F7,0,173
0A02FDF9,1,20
0A0EEDF3,1,15
0A5D6DEB,0,158
0A65DCF3,1,18
0A8B0EBF,0,263
0A9256EC,0,273+
0AAE2BBB,1,15
0AC4425B,1,21
0AC948F3,1,23
0ACBDED1,0,53
0AFC9508,0,106
0B43A6ED,0,34
0B4730AF,0,101
0B8C0CEE,0,273+
0B906237,0,274+
0B90B591,0,54
0BCE7CDD,0,272+
0BFDD485,0,135
0BFDE1F6,0,275+
0C00FE2D,0,271+
0C0251E1,0,273+
0C252682,0,273+
0C26DCEA,0,40
0C2B63FC,0,55
0C337EF4,0,224
0C342FF8,0,273+
0C39EAEC,0,146
0C3CECAD,0,133
0C68B9EF,0,121
0C7102FF,0,67
0C7203AF,1,18
0C7F8887,0,272+
0C8237EE,1,20
0C887F60,1,21
0C8A61D3,0,273+
0C8D501E,0,270+
0CA286F3,0,273+
0CA890EF,0,84
0CB91AFB,1,21
0D15BB8D,0,273+
0D3822F7,0,261+
0D3E7DDA,0,198
0D45FEED,0,261+
0D4634EB,0,165
0D4928D3,1,17
0D4967EC,0,38
0D6DDE85,0,270+
0D6E834A,1,21
0D70EFF3,1,23
0D749C62,1,19
0D87AAFC,0,273+
0D8973F3,1,21
0D8E678B,1,16
0D904DCE,0,65
0D918BA3,1,18
0D9D55EB,0,124
0DA0573A,0,273+
0DB091F0,0,273+
0DD90FFC,0,273+
0DF4AEC2,0,120
0E05CBB3,1,19
0E39AAEA,1,22
0E917B4B,1,19
0E93BDF1,0,61
0E998961,1,22
0EA1B37D,0,275+
0EAA86FE,1,21
0EAD56F7,0,66
0EB6D612,0,112
0ECABAF5,0,62
0ECF20EF,1,17
0EE41DF3,0,273+
0EEAB48E,0,274+
0EEC30F3,0,127
0EEEA9F7,1,20
0EF0BCEC,1,22
0F225AED,1,21
0F2582F1,1,21
0F43F64E,0,272+
0F5FEA64,0,272+
0F640130,0,275+
0F7727DD,0,273+
0FA22571,0,273+
0FD7310D,0,263+
100241F9,1,16
100ACEF3,0,273+
103871F3,0,103
1048C2C0,0,70
10507025,0,273+
10688C37,1,17
106CD0F3,1,22
10883464,0,273+
10A388F7,1,15
111C29AA,0,260
112FD5F3,1,18
1140C9FE,0,273+
115181EE,0,27
11591277,0,62
117F9566,1,23
1180A4F2,0,56
11959EB1,0,147
119F95ED,1,18
11ADC5AA,0,128
11AF115F,0,273+
11C3C1F7,0,275+
11F0987B,0,159
120590F5,1,17
1210E427,1,21
122B9710,0,248+
123DE8D8,1,24
12418CA0,1,22
124873E8,1,21
127068ED,0,80
12839D32,0,273+
1289D6FD,1,22
128A19FA,0,266+
1298B2FF,1,22
12A4E929,0,272+
12A800EE,0,222
12AAA6F4,0,273+
12CB75EA,0,273+
12D05528,0,274+
12F066B7,0,124
12F83637,1,18
12FB8FC4,1,15
132235EE,0,258+
132FA4D3,0,63
13355E6B,1,18
134691BF,0,274+
135276C7,1,21
13666E64,0,229
136BFDEA,0,58
136CE23B,0,118
1372EB17,1,15
137687EB,1,21
13A10600,0,121
13A7FBFA,0,64
13BF03F3,1,18
13E2AEF0,0,126
140174EF,1,24
140A23EF,1,22
140ABE63,1,17
1416709D,0,121
141CB1EC,0,43
142BE5A5,1,24
146695C7,0,273+
1478D0B4,1,24
147E3B7F,1,23
149D23DD,0,271+
14A168F6,0,273+
14B49489,0,273+
14C31EEB,0,273+
14CBD9F5,0,273+
14DE758A,0,268+
14E1D16A,0,253
14EF9647,1,23
14F68115,0,75
150CE60D,0,272+
1512C9BE,1,21
151636EF,1,20
1538A86E,0,273+
154A74ED,1,24
1554FEAE,0,274+
1581FCFD,0,273+
15A6B1FC,0,272+
15B903F3,1,21
15FBCDBE,0,29
16161EF1,0,273+
162A0CCB,1,21
166F46F3,0,270+
1674C396,0,271+
1682B1F3,1,20
16B7D0FC,1,16
16BFA0D6,1,23
16D3F20C,0,65
16FD11A4,1,20
16FF41EF,0,276+
17228BF5,0,90
176B41F5,0,179
1776763C,0,96
17837218,0,269+
179629F5,0,273+
17A09EFC,0,273+
17A7098D,0,273+
17B0DAD2,1,18
17BCEF74,1,23
17BE8EEB,0,139
17D25832,0,273+
17D42FFD,1,22
17E14EF2,0,273+
17F18F1D,0,276+
18157A72,1,17
1818C433,1,18
1824B06F,1,19
18433AF5,0,214
185F9DFD,0,257
1860AAF3,0,273+
18669EF3,0,141
187D584F,0,273+
18838F67,0,273+
189060F3,0,69
18A4403A,0,119
18CF36F4,0,267+
18D07847,1,19
18E5D844,0,120
18E78A3B,0,273+
18FAB2A5,0,246+
191D46EA,0,33
192739F4,1,19
1930B8EC,0,273+
1931AC7E,0,90
194AB3EE,0,72
1951CD6A,0,79
195351AF,0,271+
1962E5F7,0,272+
196AD154,0,273+
196D545B,1,16
1978F7EB,0,272+
19CCFA2A,1,17
19D03FDC,0,80
19DC3D71,0,86
1A054599,1,19
1A1C9379,0,273+
1A25C8F2,0,243+
1A2C4CA9,1,22
1A3165E6,1,22
1A4113FD,0,275+
1A48A1FA,1,17
1A4AFC66,0,229
1A4DA76E,0,273+
1A506FFA,0,273+
1A6346FF,0,155
1A759BEE,0,270+
1A8EAFEF,0,273+
1AA14BFA,0,275+
1AA1D3E3,1,21
1AB287FF,0,273+
1ABEFBFA,1,18
1ACC5DF7,0,37
1ADBBDFA,0,273+
1AE8B291,1,18
1AFB82FF,0,273+
1B0D1DB7,0,272+
1B0EDDBF,0,31
1B176DED,1,20
1B2E6A5D,1,20
1B3383F2,1,23
1B3BB463,0,36
1B425D44,0,272
1B62F7EB,1,16
1B7225B6,0,269+
1B89A8CA,1,19
1B9F3C9C,0,273+
1C0110FA,1,19
1C01FDEE,1,24
1C2268F3,0,93
1C236BE4,0,107
1C28B161,0,177
1C2C00FD,1,16
1C2F0EEB,0,273+
1C2FBDE0,0,273+
1C356FC0,0,271+
1C3E5B23,0,273+
1C44FCCA,1,15
1C4DFF4B,0,271+
1C556CEA,0,33
1C60C656,1,26
1C76B5F0,0,70
1C77D3AC,1,18
1C878A98,1,17
1C897AF5,0,239
1CD101D2,0,254
1CDAC476,0,273+
1CE630F3,0,273+
1CF6DC87,0,81
1CF75B21,0,273+
1CF8CD9D,1,19
1D0A1854,0,274+
1D45EAEC,0,273+
1D6C15FF,0,127
1D7C94F7,0,157
1D920CF0,0,273+
1D97A4F2,0,221
1DAD3655,1,16
1DB09A62,0,45
1DBCFA24,1,20
1DC64A60,1,21
1DE498B2,0,47
1DF8CA6A,0,56
1E4ABAA2,0,36
1E517FF1,1,18
1E527A43,0,278+
1E58E782,0,135
1E644F6A,1,23
1E64F536,0,86
1E85F654,1,18
1E86BEE6,0,116
1E888009,0,276+
1EA54AF7,0,273+
1EA899F3,0,273+
1EA90360,0,272+
1EB974F4,0,217
1ED07497,0,273+
1F1557D4,0,274+
1F2DF023,0,273+
1F34C8F2,1,24
1F35524E,0,273+
1F3A7705,0,46
1F4E5356,1,19
1F6398FF,0,224
1F6CE0EE,1,18
1F7ADB87,0,94
1F981D99,1,20
1FAE170A,1,25
1FB453D9,0,38
1FB87EF0,1,22
1FD51790,0,273+
1FF7DFF2,0,274+
201F0EBA,0,273+
20300F92,0,273+
203F7BEF,0,272+
203F8209,0,273+
204886E2,0,273+
205703EC,0,273+
20576AF1,0,271+
2074EFF3,0,273+
207D60F3,0,99
20A3B8F3,0,273+
20ACE5EA,0,122
20B9C2AA,0,273+
20BAF563,0,273+
20C60BF6,1,19
20D35724,0,223
20DEC572,0,273+
20F1D6EE,0,130
20F27D33,0,70
214028EB,0,273+
215BEFFE,0,271+
21657BF8,0,134
216F00F0,0,58
21B1BB2C,0,100
21C80FFC,1,17
21D6B6F8,1,22
21E794DA,0,275+
21F9ECF3,0,272+
22163BF8,0,273+
221825FE,0,60
223212F1,1,18
2254EA31,1,24
227199EA,0,274+
227BB793,1,17
229B2AEF,0,273+
22AE62EA,1,21
22BD48F3,0,266+
22C6D15D,1,18
22C98DF3,1,22
22CF77C8,1,24
22D53700,0,81
22F19E6D,1,21
2312FC9D,0,273+
233E2217,1,17
234EE888,0,276+
236B9DF2,1,16
23A1BBED,0,273+
23A2A6F4,0,272+
23AF91F0,0,37
23B520FA,0,272+
23BC9D01,1,19
23DCFEC5,1,15
23EBF0FB,1,21
23F1AA66,0,107
23FCAEE2,1,23
2401AE1A,1,19
2410C41A,0,273+
242672DD,0,276+
24269FF8,0,273+
24296D06,0,64
242DE2CF,1,22
242EE6BD,0,273+
243AAFFC,0,47
243FFF05,0,277+
2440B3A0,0,265+
2465E3C0,1,20
2488E8F1,0,273+
24A10E57,0,51
24A8B2A2,0,66
24BFFD67,1,21
24CD32A0,0,226
24D80AF3,0,45
24D91FEC,0,164
24FB50F4,0,273+
251A53C2,1,16
251D6DF8,0,273+
253DE5EE,1,19
253E316E,1,16
2550F0F6,0,272+
255C06F1,0,70
255DDFED,1,21
257D7CEE,1,20
25817EF2,0,84
258EB99B,1,17
258F3EEE,0,82
25945BEA,0,274+
25A528D9,0,272+
25AFBCF9,1,20
25D4BD12,1,21
25F03352,0,64
26078FF2,0,266+
260DAFA2,1,17
263B87ED,1,18
265362EE,1,19
2671ACE5,0,74
269AB4ED,0,90
26A5599A,1,22
26BC6A33,0,273+
26BD99F3,1,18
26C589D5,1,19
26CAB7D9,0,273+
26CF59EF,0,233
26D360FC,0,69
26D73EF7,0,273+
26E64FFE,0,101
26EA76EB,0,125
26F4E7A2,0,71
270AF3F2,1,17
27176352,0,98
272D0FEC,0,273+
273EACEC,1,20
275937C1,0,274+
276069EE,0,274+
276CD0F3,0,89
2779FBF1,0,276+
278C7FF3,0,218
2792BFEA,0,274+
27A77ED1,0,275+
27FFA4EE,0,273+
280C5A72,0,160
282E7BEF,0,271+
28396CCB,0,271+
2842DEF8,1,24
284AB03A,1,17
286695FD,1,24
287B8BF3,0,235
2887087B,0,273+
288FFAF9,1,20
28B1A28C,0,122
28B4A37D,0,27
28C3A7A4,0,79
28CB18EC,0,271+
28D6D6B8,0,48
28ED36CE,1,20
28F4DE64,0,30
28F6BA78,0,152
291952EA,0,273+
291B31FC,0,273+
291F39FF,0,273+
292687EF,1,23
29291AFF,0,120
292F04EF,0,269+
293FD346,1,21
2961D4F0,0,273+
296971FA,0,43
297CD8F3,1,22
297EA6F6,1,21
299510C2,0,166
299BAFEF,1,22
29D556EA,0,273+
29DC293D,0,273+
29ED1B6E,0,106
29EF0A0B,1,21
29FB3F16,1,18
2A03BC60,1,17
2A056AC2,0,75
2A22BFEE,1,21
2A344C50,0,151
2A4387F8,1,23
2A4C69E2,0,273+
2A4DAF89,0,273+
2A5037F0,1,21
2A591D00,0,273+
2A77A15D,1,19
2A8BE3A6,1,21
2A90C5F4,0,273+
2AA754F3,1,21
2AA852CA,1,15
2ABC9620,1,19
2AC3562A,0,134
2AC833EF,0,241
2ACCDB93,1,22
2ACD94EA,0,273+
2AD98AE5,0,272+
2AE327EF,0,265+
2AED626E,1,18
2B04EC9F,0,272+
2B0C076D,0,273+
2B382E6B,0,273+
2B3AC8F2,0,153
2B460EF4,0,273+
2B4C19F1,0,277+
2B4FB7FF,1,19
2B6EDFA1,0,272+
2B7985B6,0,274+
2B7B61EB,0,272+
2B7DCBEA,1,23
2B7FA9F0,0,47
2B8CEF1F,0,247
2B93A696,0,269+
2BBDEB40,1,19
2BC18BE4,0,79
2BC783EC,1,18
2BCBC69B,0,270+
2BE937A5,1,21
2BF2541C,0,273+
2C0F7DC9,1,16
2C10E0F2,1,22
2C286B63,0,89
2C29EBE2,0,25
2C2D7BEF,1,17
2C8ABA5B,0,61
2C982EF3,0,198
2C99E22C,0,273+
2CA83190,0,276+
2D1A97F5,0,273+
2D2FC7F1,0,31
2D3D0205,0,276+
2D896CF3,0,273+
2D8A7FF3,0,273+
2DA56BF0,0,273+
2DB434F2,0,32
2DBE19ED,1,19
2DC220EF,1,25
2DD3ED1C,0,99
2DD4DF80,0,273+
2DD5083E,1,18
2DD53CF3,1,21
2DED0786,0,176
2DF76AF6,1,21
2DFEFFF3,0,66
2E08AEFB,0,273+
2E55B403,0,120
2E68828A,0,144
2EAB47FB,0,82
2EB4B6F9,0,100
2ECDECEA,0,79
2ED75DB1,0,273+
2EDA1D27,0,271+
2EDC4A64,0,272+
2EF54DEF,0,25
2F001400,0,273+
2F0E42EF,0,273+
2F139334,0,273+
2F156204,1,20
2F41A1FA,0,273+
2F5576FA,1,20
2F5D90F5,0,273+
2F5D9FF6,0,270+
2F5EF2F8,0,273+
2F65DFED,1,17
2F6B918A,0,276+
2F752DF2,0,247
2F7B4985,0,236
2F7BF2ED,0,273+
2F87480A,0,72
2F89EAFE,1,21
2FAB6D42,1,22
2FBDE5EA,1,21
2FC9C784,0,274+
2FD162EA,0,274+
2FF7D7EF,0,273+
2FFFB753,0,273+
302572EB,0,39
304035EC,0,271+
307375F0,0,273+
30800DA3,0,111
3080E8F1,0,273+
308EAC30,0,271+
30A60D6C,0,131
30A77FF9,1,22
30A93000,0,267+
30B30ABB,0,71
30BAD0F1,0,76
30DFE208,1,17
3104C9F5,0,272+
3122B4B2,1,22
314BA7EE,0,273+
31622AF8,0,263+
31691B07,1,21
317835F5,0,273+
31828761,0,85
3188FA8E,0,96
318903F5,1,20
319C55EB,0,277+
31C1BAEA,0,272+
31C26AE8,0,276+
31CE2F36,1,17
31D335E4,1,24
31F452F8,0,273+
320BF6EC,0,102
3219A6EF,0,67
321C57B3,1,26
3225CAF6,0,273+
322D7209,1,22
3231B8EC,1,24
324C63C5,0,273+
325B0F00,0,240
32858AF0,1,21
32A6FDFE,1,22
32AC089F,1,15
32CA160C,0,209
32DB7EF9,0,263+
32E6F67A,0,142
32F44FFE,0,271+
32FD4DDC,0,273+
331367EE,1,21
331B68EF,1,20
332C94E9,0,116
3343C3FA,0,250
33468FFB,1,21
334F01FE,0,273+
339098F2,0,275+
33A2D48C,0,273+
33B6D0FC,1,19
33BD9CED,1,17
33CB1FDB,0,83
33DD01EF,0,273+
33E08E6D,0,32
33E26B07,0,272+
340D10FA,0,78
342306F3,1,19
3427C808,1,16
342E9EF5,0,51
344455ED,0,273+
34458CE5,0,273+
3447E717,0,216
344B1293,1,20
344BB168,0,273+
3456EEF2,0,229
345BF439,0,124
34613E60,0,273+
3479C3F2,1,21
347DAFFC,1,17
349B12F8,0,273+
350273F9,1,17
351CE9F6,1,20
352949EF,0,273+
353625F1,1,20
353996F2,1,16
3540E9F4,1,17
35480800,0,273+
3555C54F,0,273+
3563B968,1,18
3567A6EB,0,277+
3589A17C,0,263+
358DAFEF,1,19
3599ADF6,0,172
359DC0EB,0,273+
35B2FDFE,0,273+
35DDA67C,1,20
35E2CF3D,0,273+
35F225F6,1,21
35F8E87C,0,95
35FC6FF4,0,81
360D6C22,0,123
360E32F4,0,273+
361B0DA7,0,41
36231BF7,0,86
36269AEF,0,277+
3652E575,0,269+
3682C0ED,1,21
368DDB3D,1,18
36C262EA,0,273+
36D81934,0,240
36E55C5E,1,19
36EA64F7,0,57
36FC588E,0,273+
36FD1705,0,271+
371894BD,0,166
3720423C,0,145
3723D5F3,1,22
3746E0F0,0,88
37830DEB,0,43
378EAD6B,0,102
3791455D,1,22
379198F2,0,247
37A3A4AE,0,273+
37AA5207,0,277+
37AD79F2,1,21
37B2E0F7,0,149
37CC20EF,0,274+
37D351F7,0,268
37EA2EBE,1,24
37F58AEC,0,271+
38101CCA,0,30
3827CDA6,0,26
3830DFFA,0,270+
383C9BF0,1,18
385C2FF6,1,21
38636B74,0,69
38682EF5,1,18
387377F2,0,220
3879DBF0,0,52
38B50022,1,19
38B5C2BE,0,70
38BDE4F2,0,274+
38C1421B,0,273+
392817EF,0,111
3934E8FE,0,273+
395BB993,0,62
396B70F0,0,222
396E1585,1,21
3990FDD1,1,25
39AFC432,0,251
39BA0FDC,0,272+
39D0CBEE,0,273+
39D497EF,1,24
39F357F6,0,117
39FCD9D3,0,273+
39FCEAFA,0,217
3A2A04B5,0,34
3A39A1FA,0,273+
3A573450,0,272+
3A5F5886,1,16
3A8885F1,0,273+
3A8FCFFB,1,23
3AD49CDF,1,17
3ADCCE27,0,80
3ADFE124,1,23
3AE04666,0,251
3AE70DE9,0,274+
3AEC0B94,0,274
3AF6E44F,1,18
3AFCCC75,0,148
3B04D027,0,227
3B42C9FE,0,273+
3B4E26D4,0,273+
3B5F61EB,0,268+
3B6231B5,0,265+
3B64BDF3,0,273+
3B75E5F7,1,19
3B786880,0,56
3B7BC0ED,0,273+
3B81A2F9,0,68
3B99ABB8,1,20
3BA396C1,0,52
3BA9D5BE,0,273+
3BB33B43,0,273+
3BB41484,1,22
3BB582EB,0,116
3BC22E2F,0,272+
3BF1A186,1,19
3C1335F9,1,21
3C1582F8,0,273+
3C297DFE,0,27
3C549445,1,19
3C7331A7,0,275+
3C7351FB,0,38
3C75C5EB,1,20
3C831600,0,55
3CCC5BF3,0,273+
3CD76814,1,19
3CEC5570,1,23
3CF0CA0E,0,273+
3CF3A723,0,61
3CFC58F7,0,273+
3D2ADE8F,0,81
3D2FAAA8,0,273+
3D35D5F3,0,39
3D399C87,1,21
3D3EB7FF,0,61
3D4452CB,1,26
3D479C8D,0,273+
3D6834FF,0,273+
3D80E6F8,1,19
3D874AEE,1,18
3D8840F2,1,15
3D9CE729,0,273+
3DA2F2B9,0,274+
3DA480FF,0,273+
3DA61FEE,0,178
3DC54E53,1,15
3DDA10D5,0,273+
3E0F0202,0,34
3E2BCF19,0,273+
3E2C0060,0,272+
3E4FD4F0,1,20
3E5045F2,0,152
3E5F20F9,1,16
3E5F71B3,0,94
3E6402F4,0,273+
3E7BFBF1,0,266+
3E87A47D,1,19
3E87D67B,0,132
3E9D845E,0,244
3EA9AF49,0,235
3ED05864,1,16
3ED760F1,0,44
3EE913EC,0,273+
3EEAD2F9,1,18
3F13B680,1,21
3F5A4DEA,0,220
3F6286F5,1,17
3F8C23F6,0,273+
3F90F4EF,0,56
3FB6A7A4,1,20
3FC25B02,0,113
3FCD0F29,0,182
3FCF2E18,0,277+
3FD8E79C,0,25
3FF00193,0,247
3FFC5FFD,0,31
40112FEF,0,270+
401764C1,1,17
402297A1,0,140
4023329D,0,273+
403725F1,0,273+
404AE1FC,1,25
4050B6F3,0,71
405B67C1,1,21
405DF3A7,0,219
406CFE27,0,102
40723AF3,1,17
4086AEEE,0,112
40870700,0,257+
4089E721,0,273+
40ACC89D,1,18
40AD0E05,0,107
40BBEDED,0,273
40C0C73C,1,20
40CEDDFB,0,230
40D38B2F,1,17
40D4B3DE,0,103
40E40DED,0,273+
40ECFC97,0,273+
40EE3FED,0,273+
4102CBBB,0,274+
410ACDF2,1,19
4111B9FA,0,273+
411E77FF,0,273+
4134DCEA,0,32
4170D4AE,0,274+
417FFB5E,0,272+
41862C92,1,21
418B7AF5,0,274+
419D26F0,0,273+
41A17F66,0,273+
41ACBDF1,0,59
41BC5AF2,0,273+
41C173F1,1,20
41CD19ED,0,235
41D3474F,0,273+
41F5E1EB,1,20
421A19CF,0,275+
423B96F2,0,273+
423FF3F0,1,21
424A36F3,0,74
424DEFFF,0,273+
4271A4F2,1,20
42883D7F,0,125
428F7BF6,0,271+
42C05DDC,1,20
42CC3DC1,0,37
42DC90F8,0,273+
42DD09EF,0,273+
42E4C0F4,1,24
42E5ABB8,1,21
42EF8EF4,0,273+
42FA0BF4,0,273+
4302915D,0,124
432947F9,1,20
432AF6EC,0,59
43386456,1,22
43395412,0,273+
434897B8,1,19
434E0288,1,18
435D0347,0,275+
43687AC1,0,263+
4376E6C4,1,20
437983F0,0,51
439829C9,1,19
43A71AFB,0,51
43A7BE3D,0,142
43B2E11D,1,19
43BBEDED,0,80
43C9E9FB,1,15
44022BB5,0,49
440618FD,1,19
44150BFC,0,273+
4415F1F9,0,148
44276CFB,0,273+
4428AA66,1,19
4430FEBF,1,18
446424EE,0,271+
446D86EA,0,273+
44707F0D,0,188
448D6589,0,269+
448FB7D6,0,261+
44959AF6,1,24
44965755,0,63
44ACBFDC,1,19
44AE73F3,0,268+
44BDDD9C,1,22
44CB9CA3,0,117
44E5CD71,0,273+
44E5FEF2,1,25
4509D587,1,23
4521DCF5,0,126
4527C2F3,0,145
452D41F7,0,111
453731FC,0,273+
453F33F6,1,18
4562A8FA,0,271+
45670296,1,20
456915A6,0,273+
457DF2ED,0,273+
45A4E7F9,0,273+
45BB2A1F,0,105
45BB3540,0,273+
45BB75EA,0,273+
45CDECEA,0,229
45D34165,0,273+
45FC6147,1,21
45FE9FFB,0,153
46092E4B,1,16
460FF1EE,0,273+
461A60B4,1,21
4627A355,0,44
4630FA44,0,268+
46381FFD,0,241
463D73D7,1,15
466E24EE,0,207
4670B0F2,0,273+
4683CBEA,1,22
46861600,0,159
4689AB63,1,20
46BA48F3,0,35
46D296EC,0,275+
46EF9EAC,0,273+
471D1E29,1,19
47320FE3,0,102
473521B1,0,272+
475777F2,0,133
476C34FF,0,121
4778DF95,0,273+
479332F5,0,23
47AD89E3,0,273+
47AFB99A,1,15
47B2D4E1,0,49
47CB6E51,0,194
47CF92F1,0,186
47D5CCFD,0,272+
47F17FC1,0,273+
47F4ACF1,0,275+
481564C5,1,20
48443A0D,0,273+
484DE8EC,0,191
48554D68,1,18
486DAD8C,1,22
486F2AF8,0,272+
4876D0FE,1,17
487AF2ED,0,149
488785FD,0,224
489BFBC0,1,17
48AF40FB,1,19
48C032BB,0,273+
48EE35FC,0,273+
49136EFB,0,271+
4919F9F6,1,20
491C52EA,1,18
49204EED,0,273+
4931C8F2,0,102
493417FB,0,96
493819F3,0,208
497686EA,1,19
49807FCF,0,273+
49CD22FC,0,148
49E05D0F,1,22
49E876EB,0,114
49F6BAC0,0,239+
49FC08EF,0,273+
49FE7211,0,234
4A06ECC7,1,18
4A09DD3B,0,275+
4A2C1CF8,0,273+
4A3EF055,0,159
4A59FFB6,0,254+
4A74C762,0,59
4ABFC2F8,0,272+
4AC720EF,0,87
4AD775EA,1,22
4AF178F8,0,278+
4AFB99F1,0,273+
4B30D4F2,0,51
4B3AB6F3,1,16
4B3D2CD5,0,222
4B3E8978,1,16
4B422DF4,0,273+
4B58F6EA,1,21
4B60CAFF,1,21
4B6111AF,1,19
4B802C1A,1,22
4B9EE7F9,0,273+
4B9F07F0,1,17
4BB77CF7,1,15
4BBA7E9E,0,33
4BC275EA,0,221
4BF52EEF,0,273+
4BF557F6,0,98
4C0E9272,0,273+
4C167AB5,0,272+
4C1C04EF,1,17
4C1F2B8E,1,16
4C1FB5F2,0,66
4C20BB88,1,23
4C2B4EF8,0,46
4C392524,0,273+
4C638D93,1,21
4C66E3FE,0,272+
4C7F9D09,0,71
4CB287F4,0,273+
4CBB2AD8,0,273+
4CC8E2F9,0,145
4CF1D3F4,0,83
4CF3F0FF,0,272+
4D098BEC,1,19
4D1177FF,0,273+
4D1AA407,1,25
4D2CA9EB,1,21
4D6D927D,0,236
4D7A77F0,1,21
4D821EF8,0,274+
4D9E7982,0,273+
4DC65EED,0,24
4DDA73FC,0,275+
4DF86AF6,1,20
4E13FF06,1,20
4E3FDBB7,1,19
4E40CCBE,0,129
4E64A8FA,1,17
4E8AF4EF,1,21
4E8D5A13,0,274+
4E930B86,1,21
4EA1D90B,0,27
4EB9BF5C,0,273+
4ECCC16B,1,24
4EEDCCF2,0,258+
4EF53015,0,278+
4F045A96,0,29
4F07E0F2,0,273+
4F07F3F2,1,19
4F17241B,1,21
4F3804FA,1,21
4F420C22,0,271+
4F4503EC,1,21
4F4E3BEB,0,274+
4F5321F4,1,21
4F5E350A,0,268+
4F693517,0,275+
4F6A76FA,1,21
4F7CB9F6,0,154
4F977DFA,1,17
4FA779F2,1,21
4FAB4F10,1,18
4FAD5CF6,0,49
4FB0C239,0,274+
4FC2C9EF,0,272+
4FD653FB,0,231
4FD6BDC0,0,140
4FDE62C6,0,139
50038011,0,273+
5016B1EC,0,27
502B2123,0,273+
503061ED,0,272+
5044EBED,0,273+
504928EB,0,129
506C68ED,1,20
50702FEB,0,245
507267EA,1,20
5076CB20,0,270+
5077CC7B,0,73
508467F5,1,23
5097383C,1,15
50B1E9DF,0,219
50B953FB,1,21
50C0CAFB,0,270+
50C4ACFE,1,20
50F5A6D9,0,273+
5109967C,1,18
511187B7,0,110
512119F8,0,273+
512771FE,0,132
512A1E27,1,25
5131CB18,1,15
515D6DEB,0,273+
516433F4,0,34
5177AFA1,0,83
517F15FF,0,272+
518B04F6,0,105
51974A81,0,249
519966E1,0,273+
51B787F4,1,18
51C7FF6C,0,58
51D078EF,0,238
51DE0B5E,0,256+
51E274FD,1,15
51EA5CF4,0,275+
51ECC856,0,238
51EEF6CE,0,119
521E40F5,0,102
52330D22,0,24
52402046,0,69
526216F7,0,273+
5282A5FE,0,273+
528DF1EA,0,274+
529F809F,0,62
529FEDED,0,108
52AB8B3A,0,273+
52D0E8F8,0,273+
52DF3286,1,20
52E261F2,1,18
52E567F1,1,19
52ED00ED,0,50
52FD3CFC,1,21
530586EE,1,17
531BC7CC,0,273+
531E6124,0,273+
532EB3EE,0,271+
5333FC43,1,20
53526C7C,0,273+
53764340,0,273+
537C51A3,0,273+
538023EB,0,265+
5396EB60,0,274+
53A19E52,0,273+
53B08EF6,0,273+
53FF9CC9,0,273+
540CE10B,0,145
543930F9,0,273+
544950FA,0,26
544E38FC,1,21
54691612,0,274+
546F8073,0,273+
547137F9,0,150
548054A6,1,15
549B1744,0,26
549FC866,0,132
54AE5CF6,0,78
54E7C0F4,0,77
54EB12EB,1,18
5510A6EF,1,19
5516CEF3,1,15
552BF886,1,23
55325D15,0,137
554A34EB,0,63
555B77F2,0,273+
55603EF0,1,18
556D3925,1,24
5572B9C1,0,68
5580E606,0,273+
55848BE4,0,273+
558CA7EC,0,237
558D2F6E,0,273+
559145FB,1,16
55AE5AF2,1,16
55BCA71B,0,244
55CAC1F7,0,273+
55D52B5C,0,273+
55D807F6,0,68
55E9C8EC,1,22
55ECFDF1,0,68
55F76B85,1,22
56070F7A,0,273+
5612F8F0,1,20
561855EF,0,273+
561C08F7,0,167
56277C4C,0,33
563308F5,0,273+
563D71F3,1,15
564CE8F3,1,20
56622EF5,0,275+
566A15FF,0,273+
567BD9F7,0,22
567CAC18,1,26
56A8EFFC,1,17
571A23BB,0,272+
571A762E,1,16
571E06F3,0,151
5744356B,0,273+
5749ACEC,0,83
57721C46,0,273+
577EC4F3,0,267+
5786A4F2,0,273+
57AAC7E5,0,273+
57B82B7B,0,273+
57BB99F3,0,273+
57C953F0,0,49
57CADCEF,1,22
57D4ECEA,0,78
57DA10B2,0,271+
57E8BE61,0,67
57F8151D,0,72
58387BBC,0,273+
583A7EC2,0,273+
583E03F7,0,273+
5840A4A6,1,21
5856FBFE,0,273+
58808EED,0,273+
58853FE4,0,273+
588C07D1,0,278+
5899A7EC,0,273+
5899DCFC,0,273+
58B55AF2,0,115
58BA1AFB,0,153
58D31EEB,0,91
58EC8390,1,16
59362D51,0,273+
595267EC,0,94
59577689,0,255
596CE269,0,274+
5978A970,1,20
597C9EF3,0,96
5996F7F7,0,46
59C353F0,0,273+
59C420EF,1,19
59D5F9FD,0,275+
59E930F3,0,273+
59F2BF1E,1,21
59FF78ED,0,273+
5A0DD090,1,19
5A1635EE,0,259+
5A2322FD,1,20
5A40C597,0,212
5A5FBBC5,1,20
5A5FF9EF,0,116
5A611D24,1,23
5A78D2B4,0,272+
5A89EAFE,0,271+
5A8BA5F3,1,16
5AAFD9F5,0,264+
5AB2F3B8,0,32
5AC4ADBC,1,17
5ACBFBEF,1,22
5AD5FDF1,1,18
5AE72CD1,1,21
5B02FCB2,0,273+
5B0654F9,0,150
5B0C01AF,0,91
5B1E8D50,1,16
5B202F2C,0,273+
5B3BEBED,0,270+
5B434D35,0,273+
5B5321F4,0,273+
5B560BEF,0,238
5B633C24,0,273+
5B6E4E1C,1,21
5B6F80F6,0,27
5B76E9FD,1,19
5B7A0EFF,0,89
5B9D98F2,1,22
5BADC6EA,1,22
5BB4E245,0,27
5BC7C6EA,1,20
5C0FAB8E,0,273+
5C1CCF4E,0,273+
5C2F3CEE,1,21
5C300D85,0,271+
5C381C0F,1,20
5C4ED224,0,273+
5C5234DE,0,222
5C841AAF,0,237
5C95F2EB,1,19
5C9C2D2D,1,16
5CA5AC40,1,20
5CAE6C54,1,19
5CBFBFFE,1,20
5CDF425A,1,16
5CE12A8A,0,117
5CE459EF,1,16
5D361400,0,274+
5D394BB8,1,19
5D5468ED,0,135
5D6311EE,0,159
5D6ACFF2,0,42
5D7314DE,0,273+
5D780141,0,273+
5D79250A,1,24
5D85C4F3,1,21
5D8B2EF3,0,235
5DA86F6B,1,25
5DAA1E1E,0,225
5DB40470,0,273+
5DC48300,0,216
5DCCBFFE,0,272+
5E05CFB3,0,273+
5E0D6707,0,273+
5E13FBF5,1,19
5E205F99,0,274+
5E261277,0,272+
5E2F17A0,1,21
5E40C2C4,0,273+
5E55A5FA,0,273+
5E6225CA,1,16
5E642FF6,0,57
5E7793EB,0,273+
5E976B23,0,273+
5E9996F9,0,36
5E9F490C,1,26
5ECA90ED,0,146
5ECC9E5F,0,114
5ECEBCF9,0,171
5EF0FB1D,0,273+
5EF28E50,1,15
5F05B8EE,1,17
5F3F21DA,1,23
5F43B9ED,0,270+
5F456DEB,0,250
5F52FBF3,0,273+
5F54CBBC,0,53
5F86E8A2,0,117
5FCFA550,0,215
5FD44E60,1,18
5FE5976A,1,18
5FEFE1EB,0,272+
5FF678ED,0,111
600314EC,0,273+
60036BE3,0,43
60044CEB,0,263+
600664E1,1,19
6008EA29,0,274+
60170E5E,0,275+
6022B0FF,1,17
604D0334,1,18
604D8AF2,0,250+
6061CFF2,0,257
60655A2D,0,108
607999EA,0,273+
607A55EB,1,19
608F7A83,0,260
60A1F755,0,110
60BB36F4,0,273
60C05043,1,24
60FC08EF,0,271+
612ABCDA,0,232
613534EB,1,24
613BC666,1,20
614E2B86,1,18
6178D9F7,0,273+
617E1AFD,0,273+
618FA23D,1,16
61BA1E27,0,273+
61C1E6EB,0,273+
61C348F3,0,273+
61DDB8F1,1,26
61DF9921,1,16
61E438F6,0,274+
61FE6B5F,0,274+
6210B9F0,1,15
62161D34,0,45
621B32F4,1,15
6223F1FA,0,89
62253E9C,0,273+
62361685,1,19
623BC8F2,1,21
62541DD1,0,179
6254EDF3,0,273+
625AB5F0,0,50
626C64F0,0,273+
628CE465,0,273+
62935BEA,0,274+
62D352E0,0,140
62F34DEF,1,20
6308BDAD,0,273+
631AF6EC,0,273+
63253193,0,129
634930EE,1,21
6366172E,0,273+
63682550,1,20
63683FB0,0,273+
63732C34,0,40
63982C9B,1,20
639BB7AB,1,17
63BF765A,1,19
63C650EB,0,273+
63D062EA,0,55
63DC4FF3,0,151
641A1EF1,0,266+
641CA67B,0,273+
6449CB89,0,271+
645A6123,1,15
6461E461,0,273+
6465B68B,0,277+
646D69EE,0,275+
647FE6ED,1,20
6498E7F9,0,274+
649B7DFA,0,132
64B8287A,0,273+
64BCECF5,1,21
64BF41FC,1,15
64C341FC,0,275+
64CC56EA,0,273+
64E356EA,0,274+
64E596EC,0,273+
64F342FD,0,106
651F7C36,0,142
651FCBBA,0,273+
652D6A2F,0,274+
653B98EB,0,273+
653F30F9,1,20
65443259,0,84
65505803,0,273+
6550CCED,1,22
655386C3,0,273+
6560CA80,0,88
65694F5F,0,273+
65829677,0,89
6584A9F0,1,18
65852A7D,0,273+
65A7FF05,0,236
65B112F8,1,18
65D89CB4,0,152
65E8D301,0,145
65F4535E,0,91
65F7C4FA,0,271+
664E31FA,1,16
66603BEB,0,271+
6681C6F7,0,273+
66840EF2,0,146
669A0E4F,0,270+
669B6B79,1,21
66A454F3,0,32
66AB80D5,1,17
66BA1BFC,0,273+
66D783EC,0,273+
66DDEFFA,0,273+
66FE77F7,0,179
67247C4F,0,41
672CAA85,0,216
67726CF3,0,273+
6772A5EA,0,273+
67830D28,0,62
678364F0,1,18
678E37D1,1,24
67A6EB6B,0,273+
67D040EA,0,116
67DED2FE,0,273+
67E044EB,0,273+
67E4ACB6,1,22
67FAB38A,0,271+
680FE2EB,0,148
68166C09,0,79
682BD460,0,78
6831C833,1,21
6851B320,0,273+
685F8AF2,0,273+
689D6880,1,21
68A42EF3,0,39
68A4C76F,1,19
68A58E66,0,274+
68B300EE,0,273+
68CA5DF7,0,273+
68CA8005,0,274+
68D75E9E,1,21
68D9DDFB,0,241
68EA76EB,0,272+
68FB9FFB,1,20
6905ABE4,0,272+
69069371,1,19
6909F8FB,0,273+
6915CDE1,0,172
6937ECF0,0,269+
693B2135,0,265+
69490FEC,1,22
694C96F2,0,273+
695BD2AF,1,20
695D07FD,0,80
6966BBEF,0,164
696B68ED,1,17
698064F0,1,22
6983C3F2,0,275+
6985C63C,0,273+
6988CCEB,1,20
69930187,1,17
69B5E4FD,0,133
69B8A703,0,110
69CCB7FB,0,274+
69DF83EC,0,275+
69EB8EF4,0,157
69F250BC,0,68
69F54E3C,0,168
6A298AF4,0,111
6A3A6D90,0,23
6A4796F2,0,77
6A4F73AD,1,23
6A90B788,0,229
6A9A2A4E,1,16
6A9FB7F2,1,18
6AF626F7,0,270+
6AFCC1F5,0,124
6B16B7F6,0,225
6B1A2490,0,152
6B2639F4,0,273+
6B2F70F2,0,273+
6B79FAF0,0,103
6B8297C4,1,18
6B86B1FE,1,19
6B8D6B89,1,21
6B99DCFC,1,22
6BA373F3,0,119
6BD456EA,0,272+
6BDFF66D,0,274+
6BE34CCC,0,144
6BEC29A2,1,22
6BFA71D2,0,131
6C0486F9,0,186
6C0B38FE,0,274+
6C146335,0,273+
6C3BAF84,0,254
6C3EB1DF,0,38
6C5E36B6,0,275+
6C5FB51E,0,274+
6C60CFF2,0,273+
6C646069,0,274+
6CB5183C,0,273+
6CC082EB,0,273+
6CDEA9A4,1,22
6CF21EF4,1,20
6CF6BEFB,0,272+
6CF866F9,0,273+
6D2C3552,0,274+
6D4A0877,1,16
6D5BD1F6,1,25
6D6181C3,0,133
6D7B575C,1,21
6D7FC6F3,0,273+
6D8277FB,0,88
6D9979F2,0,73
6DA12EEA,0,273+
6DBD91F0,1,19
6DD25983,1,17
6DDBE0F5,1,22
6DDF91C7,0,76
6E0D8250,0,261+
6E24BAD0,0,130
6E27B0FF,1,24
6E3D3CD7,1,21
6E486BE4,0,272+
6E4FE9FF,1,21
6E5084F3,1,19
6E5B5D17,0,273+
6E7FF9ED,0,174
6E83D3BB,0,273+
6E89CF06,1,16
6EAD7EA3,0,53
6EBA361B,0,273+
6ED42FFD,1,20
6ED5F41C,0,54
6F049328,1,24
6F076A21,0,238
6F1625F3,0,276+
6F1AA6EF,0,273+
6F1C4D6F,0,61
6F2B30B1,0,135
6F31ADC5,0,74
6F37C2FC,1,17
6F444DEA,0,272+
6F53DCF3,0,139
6F588B03,0,279+
6F5CB5F0,0,273+
6F5D0CAE,0,273+
6F613F4A,1,20
6F8EA4F2,0,273+
6F9616F5,0,273+
6F994CF0,0,80
6F9FCDEC,0,262
6FA3B8F3,0,271+
6FA89CF8,0,274+
6FB64FF5,1,20
6FC61585,0,273+
6FCF316E,0,188
6FEF893E,0,244
6FF4E7F5,0,274+
6FF7505E,0,243
7012F831,0,273+
70330141,0,273+
704174A4,0,271+
704AA6ED,0,274+
7059B2A3,0,214
707AEEF0,0,152
707ECE84,1,19
709A6556,0,272+
70B3D1B7,0,273+
70C34BED,1,24
70C392FC,0,273+
70D0AAC8,0,28
70D3A377,1,26
70F636FD,1,18
71006984,0,45
710D145D,0,178
7126F4F3,0,120
712B2BFD,0,25
7136B607,1,19
713AF3C6,0,172
716241F5,0,268+
7162F6EA,0,105
716731FA,0,256+
717893EB,0,129
717B703B,0,273+
7185C609,0,36
718974F6,0,72
718F3348,0,273+
7194FEEB,0,273+
71C8C082,0,273+
71DA3037,0,111
71E68006,0,106
7206E964,0,273+
721674F3,1,17
7225C20D,1,20
722939F4,0,274+
7243CC0A,0,59
7243F6EA,1,23
7247ADC9,1,21
725011EE,0,137
725BAAD1,1,22
7261E5F7,0,134
727888FC,1,20
7279499E,1,21
727A08FE,0,274+
729153F2,0,273+
72A5DAED,0,99
72CC3A53,0,30
72DB82F4,1,22
72F5AAD7,0,145
730AD909,0,273+
7328A0EE,0,110
73388606,1,19
733EE306,1,21
735D1461,0,272+
736961EB,0,28
738A68F6,1,20
7398CE42,0,127
739FA4F5,0,49
73C062EA,1,19
73C563EF,1,19
73E8C8D8,1,18
741339E9,1,20
742736EF,1,23
7429E48C,0,273+
742D8D89,0,52
745743EE,1,24
7458A0F7,0,277+
746AF07C,0,115
7490C987,1,20
749879F2,1,20
74B224EC,0,274+
74E08191,0,116
74EE13F7,0,25
74F708EF,1,23
750173EE,1,17
750A22BE,0,270+
7521A781,0,279+
75292929,0,275+
754882FA,0,274+
7548A25D,0,25
755B9EFE,1,19
7569517C,1,18
75752200,1,26
7580564E,0,273+
7594A4F2,0,275+
7597CFF0,0,273+
75B875EA,0,273+
75BD0DFA,1,18
75E2B4F4,0,35
75E950A6,0,60
75E97B3D,0,275+
75ECB6A2,0,274+
7602A5E8,0,29
7604C1F2,0,124
760BA6EF,0,273+
760D6557,0,275+
76174522,0,271+
7625C061,0,274+
762CC16E,0,271
7640131A,0,181
764ADCF3,0,270+
765B13DC,0,273+
7669F1EC,1,21
76710DF1,0,155
767C3FF1,0,273+
7683C4F3,1,15
768519E3,1,20
76B4BFFE,1,17
76D0C6CF,0,73
76D7E32D,0,73
76ED25FE,0,273+
77373BEA,1,18
77514DD9,0,151
775F39C5,1,16
7769E3FE,0,121
777B40F2,0,125
77915DEE,1,17
7795F4EF,0,82
77A0DE1F,1,20
77B1E5EA,1,21
77BDEBE9,1,16
77D585B7,0,47
77D616F3,0,271+
77E406E2,0,105
780B75FB,1,17
783842ED,0,273+
7848A77B,1,16
7854DCF3,0,272+
785A4A83,0,48
7863BFFE,1,21
7878DD31,0,67
787BE5A4,0,273+
787DABE2,0,273+
787F5921,1,18
7883BFEA,0,271+
788BB7F2,1,21
78A17EDA,0,273+
78A5A5FE,0,93
78B333A4,0,150
78CC11D4,0,97
78D30FED,1,22
78E30AA5,1,15
78ED3DF4,0,130
7909260A,0,275+
7923547D,1,15
79243727,0,121
793806B4,0,275
795A11EE,1,20
796E11EE,0,273+
79A5A591,0,272+
79BD50EB,1,19
79C7FBFA,0,275+
79D351E0,1,21
79D90AF3,1,19
79E83AFA,0,271+
79EC6BDE,1,15
79EDA85E,0,64
7A002FEF,0,183
7A248648,1,19
7A2C7AEE,1,18
7A30FE51,0,101
7A316CF5,1,17
7A36C7F1,1,15
7A67175B,0,271+
7A783F55,0,179
7A8932F0,0,128
7A949FFF,1,19
7AB9FA67,0,70
7AC67EF9,0,67
7AD17C61,0,243
7AE395CF,0,273+
7AE60DD0,0,271+
7AE98AFD,0,65
7AEED38D,1,18
7B007BFC,0,97
7B055BB6,0,89
7B3B71F3,0,271+
7B3F9245,0,83
7B4859B2,0,273+
7B4930EE,1,17
7B533D2F,0,273+
7B8B3517,0,273+
7B95167A,0,272+
7BACF6F1,1,17
7BAD3C39,0,274+
7BB262EA,1,20
7BB54FAC,0,273+
7BE2EBF2,1,19
7BE31E8A,1,19
7C05D3F1,0,274+
7C34E8F3,0,62
7C3BE7F2,0,57
7C428BEA,0,272+
7C5576FA,1,20
7C752249,0,56
7C76F5FD,0,46
7C7D6497,0,273+
7C81A9F0,0,269+
7C90D1FF,0,273+
7C9BA8D6,0,273+
7CD43BF2,0,55
7CD91FF7,0,273+
7CE1E89D,0,273+
7CEE71ED,0,273+
7CEEF4F6,0,273+
7D0CD00E,0,276+
7D323EFD,1,20
7D658AB4,0,273+
7D6F99EA,0,77
7D8ACCF6,0,273+
7DBACB90,0,273+
7DBAF148,0,108
7DD0A8EB,0,37
7DE6747F,0,47
7DE6880C,1,20
7DF138F6,1,22
7E19DEEE,0,273+
7E2BFFAB,1,23
7E3BABD8,0,274+
7E63CE8E,1,18
7E64E364,0,124
7E84614E,1,18
7E8EB69B,0,214
7E9885F2,0,152
7EA652FA,1,19
7EBAF92E,0,50
7EE5404F,1,16
7EED134F,1,22
7EF0435E,1,22
7F0C6748,0,273+
7F0CB6EA,0,70
7F0F64FF,0,86
7F22E5F5,1,21
7F2F7EC2,0,69
7F44C8FD,0,273+
7F4B2D01,0,273+
7F5915C2,0,274+
7F85ACBD,0,139
7F8D29B5,1,23
7F8E67EA,0,231
7F9126BF,0,50
7F9966FD,0,68
7FA1BD2A,0,273+
7FA429F5,0,272+
7FAB5BEA,0,65
7FD3B48C,0,160
7FE3D6F9,0,102
7FF4EBF2,0,275+
7FF828D7,1,19
801B0A2B,0,273+
8044857C,0,273+
804C640C,0,69
806B6518,1,19
806C5133,0,98
80756542,0,273+
808055F6,0,184
8085435C,0,255+
808B85F2,0,276+
80947FF3,0,273+
80994901,0,61
809AFFF7,0,35
80A3CEF8,1,21
80AA3A9D,0,273+
80AA43C7,0,274+
80C21284,1,17
80CC9339,0,45
80CCB4EB,0,89
80DA89F4,0,86
80DC0357,0,105
80E971ED,0,273+
80EEB2B4,1,25
80F231A5,0,275+
80F97821,1,20
81107AF9,0,270+
81125BA8,0,273+
8140E5D4,0,273+
8145B95A,0,273+
815255ED,1,23
815388EE,1,17
8158A870,0,273+
815A46F3,0,273+
818BF259,0,52
818E4290,0,273+
818FE08D,0,273+
81B9FBC5,0,58
81BA0EE1,0,99
81C2C9EF,1,17
81D6ABFB,0,84
823E9BDA,0,274+
8247BE8E,0,101
827432F0,0,35
82854DD8,0,273+
828836F6,0,273+
8293FEEB,0,273+
829507FB,1,23
82B47FF1,0,274+
82B8AB3D,1,22
82B91549,0,30
82BF82EB,0,273+
82DA66F0,0,273+
82DF43D7,0,234
83061EC1,0,25
830632F4,1,25
8307C49E,0,109
8336DCEA,0,156
8340C497,0,157
8351C91E,0,271+
835484F3,0,271
835616F7,0,272+
835CA2F0,0,273+
8365A766,1,23
836D0FF5,1,20
836D46FE,0,273+
837DD1F4,0,273+
8389C4FE,1,24
83D63EF7,0,131
83E222FC,0,272+
83EF876D,0,55
84019685,0,38
84166323,1,19
841A911E,1,18
841B29F9,0,274+
8442911E,0,25
84476DEB,0,273+
849A3F2C,1,25
849EE8EF,1,21
84AB8515,0,273+
84B66DFD,0,273+
84CDC4FC,1,20
84ED9F46,1,22
850B64F4,0,48
85198FF2,0,273+
851ABEFE,0,51
851CC7F5,0,147
851DECF0,0,270
85214CFF,1,21
8526A5B3,0,145
852A14AB,0,273+
852D23EF,0,273+
853429EE,0,274+
853CE5EE,0,273+
855B96FB,1,21
85686EEC,1,21
85764BC1,0,267+
857FB2C5,1,21
8596C4FE,0,271+
85A1B9E3,0,250
85AFFCCD,0,272+
85BA555D,0,273+
85C67DED,0,152
85E286F1,0,274+
862206F3,1,19
864203EC,0,273+
8642CDF0,0,273+
865405DF,0,85
865AB4FA,0,35
867EFDEA,1,17
86882900,0,276+
86A0FA96,0,273+
86AD90C2,1,16
86D0AFF8,0,273+
86D5CCEF,0,266+
86ED85BE,0,116
86FC11E4,1,19
8713AAF5,1,21
871D2612,0,273+
87220123,0,272+
873EDBFD,0,273+
875314AE,1,19
876D1B23,0,273+
877057C3,1,18
87718044,0,273+
87768EED,0,273+
879F0F9F,1,22
87A53DF6,1,19
87C14AE3,0,273+
87C1E1ED,0,272+
87DE3FED,0,271+
87E3B1EF,1,19
87F38EA6,0,273+
87F9D75E,0,132
88057D7D,1,19
880A284F,0,273+
881F3CA4,0,229
882285EA,0,54
883AD5F3,0,253
8840FE3C,1,19
8851F9EF,1,21
88553DEF,1,17
885CEEFD,0,159
8864D5FC,1,19
887D6EEC,0,37
88ACE135,0,273+
88B593DB,1,18
88B5D2BB,0,32
88CF1C5E,0,273+
88EEB6F8,0,165
88F0D7FA,0,220
89085CFC,0,165
890FB4F1,1,24
8917A97C,0,271+
8949D984,0,273+
895675EE,0,272+
896E4A93,0,27
8974732C,0,273+
89795153,1,17
898580FF,1,18
89863EEE,0,273+
89B9AA7D,0,273+
89BA6CF9,0,273+
89C67FF1,0,126
89D73012,0,273+
89E097BF,0,274+
89EC0CD7,0,140
89F8F6FA,0,274+
8A1588FB,1,21
8A3776C8,1,20
8A5C9FF6,1,18
8AA07835,0,272+
8AAB5FF0,0,101
8AAC6C07,0,273+
8AB55D77,0,274+
8ABF9DF9,1,18
8AC406ED,0,271+
8AD851EC,0,27
8AEBD9F3,1,15
8AF3DBAC,0,164
8AFB9E35,0,273+
8B199199,0,273+
8B210FF7,0,109
8B3437F0,0,273+
8B3B7BFA,1,17
8B48736D,0,273+
8B5A7C5D,1,20
8B67F4FC,0,60
8B841C40,0,273+
8B8B1757,0,26
8B8FB1F3,0,170
8BA5A8ED,1,19
8BAF0DEB,0,271+
8BC091DE,0,140
8BCE2A26,1,20
8BD06DFD,0,273+
8BEF62FE,0,273+
8C0BFD68,0,275+
8C12D6EB,1,19
8C3A42ED,0,273+
8C4E4BFC,0,269+
8C545B80,0,273+
8C59CFFD,0,92
8C644EAE,1,19
8C8370C1,1,21
8C9417EB,1,19
8CA13EEE,0,275+
8CBD82EB,0,167
8CD1ECEA,0,36
8CD3BAEA,0,180
8CD3E917,0,267+
8CD476F6,0,28
8CF7FAB2,0,273+
8D06A5EE,0,213
8D0B3F00,1,17
8D2F96F2,0,74
8D4433FE,0,181
8D4918F0,1,17
8D5A0A06,0,165
8D712CF1,1,22
8D71E5EC,0,266+
8D773DF8,1,21
8D799BEE,1,20
8D7C0300,0,48
8D8E19C8,0,273+
8DAA4488,0,60
8DC1D5DE,1,22
8DCCECF5,1,26
8DD1F860,0,274+
8DDB0816,0,166
8DE038EC,0,134
8DF34BC4,0,273+
8DFDB434,0,273+
8E0385D3,0,85
8E08044C,0,119
8E0E25FE,0,116
8E3ABC6D,0,263+
8E421E19,0,116
8E70EB49,0,273+
8E7C28F4,0,83
8E88DCF1,0,237
8E8E99D2,1,19
8EA2777C,0,84
8EAC08FC,1,18
8ED1802A,0,273
8ED4ECEA,0,270+
8EE1B704,0,273+
8EE6FFF5,0,273+
8F01B8CE,1,23
8F1619FE,1,21
8F1C9EA5,0,245
8F47BAF2,0,273+
8F49F0F6,0,215
8F4A81EE,0,121
8F7CBDBF,1,20
8F836A01,0,276+
8FB922F3,1,20
8FD176EB,1,20
8FD4C304,0,79
8FFA04F2,0,26
902046EA,0,267+
90321F56,0,71
903ACF13,0,273+
903BC2C1,0,274+
9068F954,0,27
907246F3,0,272+
907E215E,0,273+
90928B95,0,265
90A503BA,0,186
90AFDEFE,0,274+
90B6CA12,1,17
90BB5BF3,0,169
90EBD944,1,21
90EFE0F5,0,272+
90F4A9EB,0,127
911C9F38,0,70
9123DBB4,0,262+
91411D0D,0,37
9144D75D,0,274+
914AF404,0,219
9161A7EE,0,258+
916831FA,0,86
917CA3FC,0,116
9185FEF6,0,273+
918DD8EF,1,21
91A5D0B1,0,272+
91AD9327,1,16
91BF8882,0,275+
91C2EFB9,0,273+
91C3AA1B,0,107
91E5A8EB,1,20
91F931F4,0,273+
9213D4F2,0,273+
923459F5,1,24
924203EC,0,273+
924DDBF5,0,264
929151FC,0,273+
92A698F2,1,24
92ABD35C,0,273+
92C05DEC,0,70
92C17911,0,39
92D708FA,0,273+
92FBFF74,0,148
9303283F,1,18
932536EF,0,273+
932C5135,0,273+
932FBCC1,1,16
934D8EEE,1,15
9365116C,0,270+
93A2361B,0,135
93A38EEB,0,273+
93A3E2A6,1,23
93B266F2,1,17
93B3B79B,0,108
93BE5E99,0,52
93C7BDFD,0,260
93CE7470,0,273+
93E027FA,0,229
93EAC951,0,267+
94018BEC,1,17
942899B1,0,173
943B19BD,0,207
943FB818,0,267+
943FC688,0,273+
945694EE,0,90
945FC9AC,0,80
947417F8,1,19
947644F5,0,118
9496A5FE,1,21
9499CFF0,0,209
94AADD44,0,273+
94AD99F3,0,273+
94BEB901,1,16
94F7AB16,0,44
94F9EBF2,0,273+
94FA4A2B,1,15
9533EE36,0,274+
953D6875,1,16
9553A7EE,0,175
955883FB,0,273+
9559AF0E,0,80
956B966E,0,273+
959B7BCF,0,273+
95BB5CD2,0,84
95BF3E74,1,21
95CB1E5F,0,273+
95E0C9F8,0,259+
961244C2,1,20
9612E929,0,265+
961E93F8,1,16
9632A56C,1,16
9637DDF6,0,271+
963AD729,0,272+
964129DF,0,273+
964F9818,0,275+
9661E7F0,0,275+
96794C95,0,273+
9681C4F3,1,18
968473B7,0,264+
96947DB1,1,18
9698AAF1,0,275+
96B59CF6,0,273+
96C40495,1,21
96DE03E6,0,38
96F5D6EE,0,270+
9703E0F2,0,273+
972318C2,1,18
97295262,1,19
97366B97,1,19
973DE0A0,0,147
9744C3E0,1,19
9761BE5A,0,132
97865F8C,0,162
978B00F0,0,273+
979798C1,0,276+
9799C2EF,0,181
979BBEFD,1,20
97A51375,0,76
97D5F2F4,0,125
97DF3F3B,1,23
97E09109,1,17
980AE1F3,0,274+
98152188,0,53
9818E6FC,0,274+
9822722E,0,116
98228E61,0,275+
982AF8C7,0,273+
984C9DF2,0,273+
9865328B,0,261
986F7FE1,0,80
986FC77A,0,67
988DD6FD,0,25
98B1DB2C,0,273+
98B47857,0,124
98C0C480,0,259
98C36FD3,0,274+
98CE2AFF,1,22
98D050EB,0,218
98E012DB,0,217
98E6C295,1,23
98EA8559,0,231
98F204C9,0,151
991CF2FA,0,273+
991E644B,0,257
991EFBF5,0,275+
9929E3B5,0,149
994C55ED,0,60
996028EB,0,271+
998C514C,0,45
999EF418,0,272+
99A6FF20,0,254
99B79BEC,0,273+
99C65AF2,0,267
99DCC156,1,20
99FDCECB,1,17
9A3D02EB,0,275+
9A46F4EC,0,272+
9A4926F2,0,80
9A6146F3,0,71
9A756E3E,0,273+
9AB655F4,0,269+
9ABD953D,0,106
9ACA71B5,0,276+
9ACABC67,0,272+
9AD15279,0,74
9AFECBAC,0,273+
9B1052EA,1,21
9B1A06F3,0,261+
9B2F79C6,0,273+
9B30ECFB,0,273+
9B3F45E2,0,260
9B4F35EC,1,19
9B5C0EAD,0,92
9B5D19F1,1,22
9B9162EC,0,276+
9B94403C,1,25
9B963C9E,1,17
9B9BCCEB,0,145
9BA2E733,0,102
9BA38713,0,275+
9BAD40FB,0,273+
9BBED4C4,1,21
9BCCBDEF,0,273+
9BD6BDEF,0,275+
9BDBB0F9,0,272+
9BDEAAEF,1,20
9BEADEF1,0,150
9C0B99F9,0,23
9C0EB6C1,1,17
9C1613FF,0,273+
9C19736C,0,275+
9C319055,0,82
9C413CEE,0,209
9C645A81,0,182
9C67CCED,0,63
9C69E4E2,1,19
9C89C4FE,1,24
9C99BCF0,0,49
9CE6B1EF,0,39
9D008AA1,0,97
9D0737FD,1,20
9D3B8F37,1,16
9D3F2CFE,1,18
9D4259F5,0,67
9D4BA1FA,0,273+
9D50C0E4,0,67
9D55AFB8,0,273+
9D7EE6F0,0,273+
9DA535F3,0,273+
9DA735DC,0,271+
9DAE8F84,0,53
9DB58CFD,0,87
9DC18F32,0,273+
9DC2E6EB,0,273+
9DC9EFEF,1,15
9DEC115D,0,273+
9DEE7265,0,273+
9DF711FE,1,18
9DFD31FF,0,56
9E0C87EF,0,273+
9E1972EB,0,273+
9E26E2FF,0,84
9E2C6E0B,0,272+
9E33B87F,0,270+
9E42C95C,0,273+
9E53FEF8,0,273+
9E56E2FD,0,274+
9E613587,0,273+
9E817CEE,0,272+
9E8A9AF6,0,274+
9E926BF0,1,17
9EA579CF,1,25
9EDA8DF3,0,25
9F06C835,0,29
9F0B0D4A,0,38
9F295947,1,19
9F2DCB4A,0,271+
9F3B46EA,1,21
9F4CE012,0,167
9F53B4FA,1,22
9F76B1FE,1,18
9F8572F2,0,273+
9F92CFF0,0,273+
9F9F95ED,0,148
9FA3E7F9,1,23
9FA8D6FB,1,16
9FAF2653,0,274+
9FB2A220,0,79
9FBAC9EF,1,19
9FC4D193,0,138
9FF999F1,0,184
9FFAB2FE,0,233
A03B2678,1,23
A040DEF7,0,273+
A0436CF5,0,52
A048F1EC,0,274+
A04C75F9,0,261
A0514B29,1,16
A051E90A,0,273+
A051F259,0,273+
A05E147F,0,196
A06586EA,0,187
A067F7EB,1,17
A0783ED8,1,24
A08CA46B,0,274+
A08F5F54,0,273+
A0A587FF,0,208
A0BADA6C,1,16
A0D174F4,0,218
A0D19BFD,1,21
A0E07FCD,0,273+
A0EB5EED,0,273+
A0F067C1,1,21
A10145F8,1,21
A108C7AF,1,15
A10D21EC,1,19
A120BFEE,0,274+
A159ACEC,0,261
A15DAAF3,0,274+
A164F8F7,0,273+
A16768ED,0,274+
A17FE4F4,0,258+
A1911549,1,16
A1B12A17,0,273+
A1D03BF2,0,59
A1DBF5F9,1,19
A1F865F8,1,22
A1F8C4EF,0,145
A2022341,1,17
A2148C24,1,20
A22CE5EE,0,273+
A24476F1,1,19
A248FA9D,0,273+
A25146FE,1,19
A2679516,0,271+
A278968C,1,15
A282D3F8,0,273+
A2A43747,1,21
A2A4B8FE,0,273+
A2DB61F2,1,18
A2DBECF5,0,149
A2E850F4,1,23
A2EB7B27,0,273+
A2F413EC,0,152
A30C9AFA,1,22
A32098EB,0,168
A3289FF8,0,273+
A32C71F3,1,16
A33803F7,0,272+
A356A4FF,1,18
A365F4FC,1,19
A37F654D,0,253+
A38945FB,1,21
A393E2F0,0,154
A3B382EB,1,20
A3C08041,1,22
A3D2F4ED,1,21
A3F43DA8,0,274+
A3F4A79D,1,21
A403F6C6,0,274+
A4172BED,0,253+
A41750F1,1,21
A41F5BF9,0,273+
A42A8F47,0,244
A4366BF4,0,273+
A44035EC,1,19
A44A450D,0,271+
A46DA1BA,0,258
A474B0F2,0,220
A4767698,1,21
A4A45BA1,0,273+
A4A4ECA9,0,276+
A4DC699C,0,200
A4E14DFC,0,273+
A4E2476A,0,37
A4E27A95,0,270+
A4E3C3F9,0,95
A4F783B6,0,268+
A505F4BF,1,15
A5064280,0,273+
A50B7EEB,0,45
A515760C,0,266+
A535947C,0,103
A53A5EFE,0,273+
A53A74ED,0,273+
A54B78F9,0,274+
A54E97F3,0,272+
A5505328,0,261+
A57DA2F9,1,20
A57F86EA,1,23
A5956AF7,0,83
A5B0B1F1,1,16
A5BC1EEB,1,19
A5C01AE7,0,275+
A5D78A69,1,16
A5DDA45F,0,269+
A5EA1F0B,0,48
A603710C,0,274+
A628DDEB,0,41
A62E5D0B,0,263
A63C7BEF,0,273+
A67C7AEA,0,148
A67E7FF3,0,48
A6894B50,1,18
A6910CEE,0,178
A693CF9A,0,89
A6A8849C,1,24
A6BCC4F1,0,272+
A6C3099D,0,29
A6C320FA,0,54
A6E1DC77,0,72
A6EF5365,0,275+
A6F3D6F9,0,71
A6F6E81F,0,49
A70525FE,0,273+
A70725F3,0,182
A7164EBA,0,153
A72BB7F6,0,61
A73BD0EA,0,42
A748454F,0,55
A74BBA50,0,112
A76EA0EC,0,267+
A78DDF7B,0,273+
A7C0A723,0,98
A7D01D73,0,275+
A7E19933,0,273+
A7E42FF2,1,22
A840D547,1,21
A8503B4D,0,277+
A875E8F1,0,277+
A87A9EFE,0,273+
A88092F3,1,17
A8928C96,0,275+
A894C2EF,0,273+
A89E1A96,0,272+
A8A0FDFE,1,23
A8A89A0D,0,107
A8AECDF7,0,279+
A8B45AFD,0,46
A8B6D0FC,1,19
A8C86BF9,1,15
A8CC92FC,1,18
A8CCE8CE,0,83
A8DAC17E,0,273+
A8E69FE3,1,20
A8E93CF3,1,18
A91FCAF6,0,144
A9482F97,0,274+
A949BCED,1,17
A965731A,0,273+
A967CDEF,0,273+
A9A35263,0,130
A9A981D6,0,68
A9B936F4,1,22
A9C6F0CC,0,147
A9D54EF2,1,22
A9D830C7,1,21
A9E83B05,1,20
AA0850EC,0,122
AA0FC1F2,0,255+
AA2E6CBD,0,269+
AA3A2A52,0,254
AA5B03F7,0,31
AA6C71CF,0,95
AA835D8E,1,20
AA9ED7FE,1,22
AAAA852B,0,58
AAE73E0F,0,273+
AB2EBEF6,0,273+
AB3868EF,0,273+
AB59F7F6,1,25
AB6861F6,0,89
AB6C7532,1,17
AB8589CF,0,77
AB8C0F88,1,20
AB90E9FD,0,270+
AB9CEDF8,1,20
ABB39696,0,273+
ABBE11F5,0,273+
ABBF5AF2,0,50
ABCD60B6,0,73
ABDE3B06,0,273+
ABE89462,0,151
AC071B3F,0,271+
AC1189FE,1,18
AC1FA4EB,1,18
AC4E87ED,0,93
AC520B24,1,20
AC54CCEB,1,20
AC6203EC,0,59
AC67FCE4,0,126
AC734DF3,0,273+
AC936E26,0,274+
AC99EA1D,0,266+
AC9AC4F3,0,153
ACC211BA,0,273+
ACD175EA,0,107
ACD255F7,0,31
ACDECAFB,0,275+
ACF8D0F9,1,21
AD0E48EE,0,263
AD0EA1F1,0,273+
AD3741EC,1,17
AD480BEF,0,239
AD4EC9F3,0,132
AD785B01,0,273+
ADA879F2,0,65
ADF31760,0,273+
ADFC09FB,0,172
AE2E7DFE,0,273+
AE2EC4EC,1,15
AE2EF0EF,0,275+
AE3144E6,0,186
AE3574F8,0,276+
AE3C3433,0,104
AE3D87ED,1,22
AE3FB3EE,1,21
AE4F80F6,0,274+
AE54F0B4,1,21
AE64F3BD,0,33
AE6D91F2,0,273+
AE6FE5F7,0,91
AE7CE3F3,0,278+
AE822335,1,21
AE9866FD,0,34
AEA8A3EF,0,275+
AEBC3869,1,19
AEC42ECA,1,18
AECD18EC,1,18
AEE0FFF5,0,79
AEE112EB,0,275+
AEE5F59C,0,273+
AEE89621,0,273+
AF0C33F5,0,22
AF1C9680,0,277+
AF1E856D,0,273+
AF2E39F4,0,273+
AF2E81EE,0,247
AF2F2DFF,0,220
AF4558F2,0,273+
AF4DF149,0,273+
AF70FBF1,0,54
AF76FBF1,0,234
AF97E3CE,0,273+
AFC409F2,1,25
AFC577A8,0,268+
AFC654CE,1,19
AFD057CC,1,20
AFDB4958,0,273+
AFDC01EF,0,273+
AFEC837C,0,273+
AFEE7536,1,19
B00B08EC,0,45
B02149EF,0,269+
B02C1006,0,84
B03F8EFA,1,18
B04919A8,1,21
B04D11C1,0,273+
B05969F0,1,18
B05D9510,0,273+
B061C747,1,18
B080C50F,0,210
B09C85FD,0,273+
B0B0BEFD,0,74
B0B497A7,1,18
B0CB55F4,1,21
B0E15DEE,0,133
B0E1D0FA,0,88
B0F542E3,1,19
B112160B,0,262+
B11CCF48,0,99
B12483F2,0,48
B1255C35,0,272+
B13FB48A,0,34
B14E4DF5,1,19
B166B8D3,0,273+
B17D8874,0,126
B17FDE9C,0,152
B18085F2,0,272+
B18DF6F3,0,272+
B1934034,0,271
B1A481EA,0,34
B1A92155,0,26
B1B07278,0,273+
B2255307,0,273+
B22E02EB,0,150
B2504E41,0,35
B28F9418,1,16
B2AA2376,0,271+
B2B57F3A,0,55
B2B6B6EF,0,34
B2CF2D5F,0,273+
B2DD9EEF,0,273+
B2F0956B,0,273+
B2F36747,0,71
B301EBFA,0,150
B321EBAA,0,273+
B34CACEC,1,20
B359CDEE,0,75
B3A57393,0,74
B3DF5CF4,0,256
B3E038E7,0,155
B3F1F152,0,268+
B3FF441D,0,71
B40CD4F2,0,88
B4364D57,0,273+
B444DD38,1,23
B445FEED,0,273+
B449B19C,0,116
B45E24EE,0,273+
B48C4AEE,0,258
B48DE8DB,0,155
B4A0B8F3,1,18
B4A8C968,1,18
B4BA33FA,0,109
B4E55826,0,35
B4EF24D2,0,102
B519ECCC,0,275+
B5350FEC,1,17
B557A0EC,1,24
B5958982,0,217
B5AE52EF,1,20
B5B2A1D4,1,20
B5B2DDFD,0,273+
B5BCBBED,0,275+
B5EA7425,1,20
B5EDA140,1,17
B60BFA24,0,276+
B6121F8E,0,120
B612E9C4,1,21
B62F8C47,0,273+
B636AEF0,0,46
B66601FE,0,247
B6707AEE,0,270+
B6AC3D1D,0,146
B6BE8CFD,0,273+
B6C168F4,1,21
B6E412A1,0,70
B6EB02FB,0,273+
B709680C,1,18
B71C7C99,0,273+
B741FFF0,0,44
B745EDFC,1,23
B76546FE,0,274+
B798122C,0,272+
B7ACDEFE,1,21
B7B09854,0,192
B7CAC6EA,0,266+
B7D0C161,1,17
B7D568F4,1,21
B7DC67FC,0,272+
B7FB2B00,0,266+
B8001FFF,1,18
B830D7B7,0,130
B8315C85,1,21
B831DCF5,0,49
B8546AF1,0,32
B85DC5EB,0,153
B888CCCC,0,273+
B8BFF172,1,16
B8CFD1C5,0,273+
B8E88EF4,0,57
B8E902FB,1,16
B8FDD6EE,0,273+
B91BF001,0,273+
B91EAAEA,0,178
B91FB73C,0,81
B93637F3,0,251+
B939B891,0,104
B9480127,0,201
B9487AEC,0,273+
B95882A7,1,18
B95CA5EA,0,273+
B9939EFC,1,21
B9BD0CF7,0,273+
B9C552EF,0,160
B9C56E24,0,273+
B9CD27EF,1,19
B9EC9C94,0,23
B9EED8F2,0,272+
B9FD9C06,1,18
BA0AEA6C,1,17
BA0FDEF9,0,273+
BA112622,0,276+
BA15224A,1,21
BA208540,0,273+
BA231A50,1,17
BA2A985B,0,275+
BA3B87F8,0,121
BA3FEEFD,0,277+
BA50D67D,0,260
BA5345F2,0,33
BA58DFED,0,227
BA5CCF2F,1,19
BA5D9389,0,248
BA7CFDEA,1,21
BA9F8E25,0,138
BAE1106F,0,40
BAEC9F9A,0,257
BAFBD71D,0,89
BB0BE3F1,0,70
BB40A2E1,0,273+
BB5196FA,1,22
BB554461,1,19
BB6D807F,0,48
BB85ADF6,0,274+
BB93D7EC,0,230
BBB099FE,1,23
BBB933EF,1,21
BBC29AA8,1,19
BBDA5CFF,0,267+
BBEF87FD,0,36
BC03F621,0,31
BC151BF7,0,173
BC2840EB,0,160
BC2E59F5,0,153
BC2F29EE,0,273+
BC34DE5B,0,273+
BC423E45,0,271+
BC4782FA,0,101
BC5363FA,0,145
BC5535EC,0,272+
BC5C11EE,0,125
BCA599F3,0,273+
BCC0CEF8,1,22
BCCD23D2,0,273+
BCD299A3,0,273+
BCDF8BEF,0,276+
BCF10A79,1,23
BD1F6DED,1,19
BD311C51,0,273+
BD41E3F5,0,273+
BD42D52B,1,22
BD87719D,0,273+
BD917DF6,1,25
BDA351AA,0,273+
BDA53000,0,112
BDAB40FB,0,273+
BDCCAAEF,0,274+
BDEFD7FA,1,19
BE33D5F3,0,273+
BE428434,1,21
BE5B2EF5,1,21
BE60B100,0,88
BE6241DD,0,103
BE66F6EA,0,273+
BE72E873,1,24
BE74B1FE,0,273+
BE794AA6,1,15
BE7A86EA,0,273+
BE8087F6,0,91
BECE76EB,0,168
BED860F1,0,273+
BEDB09F2,1,20
BEE094C3,0,255
BEF401C2,0,273+
BEF43E00,0,270+
BEF56AF6,1,17
BEFA34E4,1,21
BF0D019F,1,22
BF12FEAD,1,22
BF2A1E84,1,17
BF341AF4,0,273+
BF47A915,0,271+
BF5F8F1C,1,15
BF6FCBEA,0,273+
BF8A15AD,0,118
BF98B8F3,0,72
BF9C3BA4,0,133
BF9E7502,0,26
BFB2D93F,1,15
BFB86FCF,0,273+
BFD96F90,0,54
BFD985F0,0,275+
BFF591EE,0,273+
C00906DE,1,16
C0099A63,0,273+
C00C032F,0,274+
C01123EF,0,274+
C017A024,0,261
C0213ED5,0,273+
C02A97DD,1,19
C02D51FD,1,15
C037FCF6,0,108
C051D9F9,0,273+
C06C3EF0,0,273+
C0790F91,1,19
C08F7D21,0,273+
C0930FD3,0,273+
C095E828,0,273+
C0992B27,0,272+
C09A26EA,1,19
C0ABE0E9,0,273+
C0AFFDFE,0,89
C0B3CEED,0,197
C0D782EB,1,18
C0ECDAC5,1,18
C0EFEBE7,1,19
C0F48AF7,0,123
C110D44A,0,270+
C11202ED,0,274+
C11CD6EB,1,20
C11E1001,1,16
C13114D7,0,49
C1448A8B,0,45
C1C118EC,0,26
C1CE0B3C,0,273+
C1D3734F,1,20
C210FEFA,0,26
C22887EF,0,41
C22F42AC,1,21
C24ACF74,0,152
C2527FF5,0,96
C256161E,1,23
C265CDF5,1,17
C271F0FF,0,273+
C27F1305,0,273+
C28D9748,1,15
C2A2C0EB,0,273+
C2A7B4D5,0,115
C2DF6318,0,272+
C2FCA3C3,1,16
C2FFCB3E,0,273+
C304EBFA,1,17
C32761ED,0,163
C32CFDF7,0,148
C341734B,1,21
C352B894,0,273+
C359500F,0,273+
C363AAF3,1,22
C369E765,0,275
C36AA0F7,1,23
C37F38FA,1,21
C380C9FC,0,92
C384FDEA,1,16
C3850DF1,0,268+
C389ADAF,0,274+
C3BCB13C,1,20
C3C7679D,0,99
C3C9ABFB,0,275+
C3CE63F6,0,93
C3CE65EF,0,273+
C3D561FD,0,22
C3E167F1,0,274+
C40C557A,0,227
C41708F7,1,18
C41B40EB,0,274+
C41F9AEF,0,272+
C42883F2,1,16
C433EECA,0,119
C456E5C0,0,274+
C4621ECA,0,274+
C487ABC3,1,18
C48DD9EC,0,263+
C49C9EFC,1,20
C49E08EA,1,22
C4F552ED,0,149
C4F81205,1,20
C50A7808,0,153
C511050B,0,278+
C5128DF9,0,272+
C52FC8F2,0,92
C534A3F3,0,271
C53F51FD,0,33
C546DD0E,0,275+
C547C406,1,17
C5949DC5,0,273+
C59EDAED,0,53
C5B681EA,0,273+
C5BB4063,0,115
C5C57AF3,0,271
C5E691A8,0,26
C5E9D03A,1,21
C5FD8924,0,222
C66F96F0,0,177
C6713E7B,0,275+
C67D51F0,0,65
C693C2A7,1,19
C696CD4B,1,19
C6B69A44,0,146
C6BF4C23,0,195
C6D80DED,0,273+
C6E1BAEA,0,273+
C6E593A1,0,163
C6EA4A21,0,273+
C710B810,0,26
C71523DD,0,275+
C71B35EE,0,257+
C72F16EE,0,273+
C7445CB1,1,19
C7478FF0,1,19
C74A77F2,1,21
C755B2F6,1,18
C75C6EEC,0,273+
C77459F3,0,270+
C787DAC2,0,24
C799DCFC,0,260+
C79DD9EC,0,273+
C79F5433,0,189
C7B4D502,1,19
C7C8B3FE,0,273+
C7E2A9F7,0,201
C7E8ADC4,0,218
C7ED1BCB,1,20
C80A06F3,0,273+
C825E44E,1,20
C8402338,0,271+
C84A8BAD,0,44
C85987ED,0,115
C86624EE,0,147
C890D7FE,0,273+
C8AFAEB2,0,268
C8CCF4F8,1,19
C8DA6D6E,0,80
C8DE25F6,1,16
C8DE67FC,0,104
C8E6517F,0,103
C9202BFD,0,85
C93BBA89,0,83
C9528577,0,271
C9570E42,0,265+
C9646EF7,0,275+
C97E72F2,1,17
C9C08DFE,0,273+
C9C19CED,0,109
C9CA49F4,0,273+
C9CA50EB,1,15
C9E06BF9,1,16
C9E1CC01,1,21
C9EA52ED,0,274+
C9EDA8EB,0,273+
C9EF758A,1,20
C9FE1C05,0,273+
CA00C6FB,0,105
CA0485F2,0,59
CA234A8E,0,109
CA2B1393,0,23
CA3189F1,0,56
CA3CABF6,1,24
CA4202EB,0,273+
CA5E29EC,0,76
CA7785FF,0,81
CA8BE4A0,0,268
CA9F9DF0,0,104
CAB7AB1F,1,20
CACE19ED,0,276+
CAD341DE,1,23
CAD965C9,0,68
CADF659D,0,192
CADF96EC,1,20
CADFEAAB,0,24
CAE230FE,0,274+
CB1474EF,0,145
CB27D11D,0,117
CB5CEDF9,1,19
CB777EF5,0,76
CB7D7C03,1,20
CBB2E8EF,0,273+
CBC16305,1,21
CBCEFAFF,1,18
CBD474FD,0,151
CBD4B4EB,1,24
CBE95C28,1,22
CBEB3DFF,0,86
CC278C71,0,268
CC44BC80,0,275+
CC552D3E,1,24
CC5D76FA,0,168
CC76FBFC,0,37
CC90A7EC,0,273+
CC9A6C6D,1,18
CCB12DFB,0,273+
CCB527D8,0,273+
CCB5AFED,1,19
CCB606ED,0,273+
CCBF97EF,1,17
CCCD3BF2,0,273+
CCD0CA6D,0,273+
CCD76D7B,0,100
CCE8ABFB,0,273+
CCEADCC1,0,48
CD085D03,0,26
CD152C71,1,21
CD1CF3F2,0,265
CD1F791C,0,235
CD23C4EC,1,20
CD45CB10,0,101
CD91570E,0,274+
CD94C7F8,0,58
CDB586F3,0,104
CDE879AB,0,276+
CDEA2B84,0,264+
CDF6A5EF,0,273+
CE0F66ED,1,20
CE0FD4F2,1,17
CE10D6B1,0,59
CE3027F5,0,155
CE4477F2,0,259+
CE6DA985,0,241
CEA99FFD,0,273+
CEAEA128,1,17
CEB77457,0,63
CEE1C032,0,97
CEE8458E,0,156
CEF81EA5,0,259
CEF8FAAC,0,273+
CF3B159F,1,21
CF5248A2,0,273+
CF5C22A1,0,109
CF5DCBD3,0,266+
CF64EF1E,0,175
CFAA28C9,0,67
CFBE94EA,1,18
CFC3C949,1,20
CFD43375,0,180
CFD746FA,0,273+
CFE11CDE,0,273+
CFE190F8,0,129
CFF016F1,1,19
CFF2EDEB,0,116
D00840B3,0,48
D010FEFA,0,100
D03500FD,0,273+
D03C80B6,0,61
D072E769,1,18
D07BDDBD,0,67
D09DB5F9,0,178
D0A481EA,0,273+
D0D05058,0,268+
D0D24BED,0,268
D0D36F55,0,277+
D0D89A47,0,273+
D0F13471,1,18
D12561F8,1,25
D12806FE,0,271+
D14A1318,0,273+
D153CCED,0,273+
D17718F9,1,21
D1880E00,0,273+
D18A18EE,1,27
D19BB500,0,192
D1A483F9,1,21
D1B2F5FB,0,273+
D1C20DD5,0,135
D1CB60F1,0,140
D1CDFAEC,0,194
D1DCB8BF,0,273+
D1F9B299,0,273+
D20174B8,0,243
D20C7045,0,165
D2331DB6,0,33
D2477E6A,0,29
D24C74CB,0,275+
D2682073,0,267
D26F5580,0,159
D27A51F0,0,28
D27FC4FE,0,273+
D2B9FF9E,0,273+
D2CCA6FD,0,82
D320C6B3,0,117
D3501DF9,1,19
D358230A,1,17
D35E3DEF,0,143
D36D6BF2,0,68
D378C4FE,0,274+
D38A4DF3,0,23
D392F2EB,0,38
D3A65BEA,1,24
D3A7BDCF,0,273+
D3B09FFD,1,17
D3D492F1,0,273+
D3E984F8,0,273+
D3FEEB56,1,23
D42B1B2B,0,104
D451A5EA,0,271+
D458100B,1,20
D45927DE,1,16
D45EC9F3,1,25
D4632950,0,258
D4641AF2,0,101
D47FD9EC,0,130
D4AACC71,0,273+
D4B111C3,0,273+
D4C049F3,0,273+
D4EA4D2F,0,273+
D4F42DCB,1,21
D4FF4591,0,42
D502C1F2,0,95
D5401969,0,273+
D5420EF4,0,273+
D54A50FA,0,127
D56CCC5C,0,144
D5D0034D,0,275+
D5D38C4A,0,273+
D5E056EA,0,269+
D5E43DE7,0,182
D5EADAB7,0,271+
D5F1D6F9,0,134
D602A3DA,1,27
D631B16C,0,273+
D6455DFB,1,19
D64971F3,0,158
D681FD52,0,273+
D688F6F3,0,273+
D68FD1F4,0,268+
D6D544EB,0,271+
D6D87DED,0,36
D6F27DEB,1,25
D6F9CD17,1,16
D71997CE,0,273+
D757F82B,1,19
D7581BF5,1,20
D761B816,0,175
D77086EA,0,108
D79E7CF7,0,273+
D7CA7BA1,0,273+
D7CEA6FD,0,273+
D7DAB26F,0,202
D7E27F7B,1,20
D7E398CE,0,273+
D7E544EB,0,273+
D800942B,1,15
D80C8D95,0,87
D80D5395,0,273+
D80F2BF7,0,273+
D81B6DED,1,24
D81D4DF7,1,21
D8217679,1,21
D823A7F8,0,99
D82557F1,0,274+
D831ECD4,0,273+
D843C8F2,0,273+
D853F3DB,0,120
D86761EB,1,24
D87BC4F3,0,51
D8874B82,0,57
D88AE4F4,0,151
D8968EF6,0,174
D8BD1AFA,0,276+
D8C7F7F2,1,21
D8C853FB,0,270+
D8D2B0F9,0,272+
D8D4958C,1,21
D8E4D8F2,0,115
D8FAF203,0,273+
D911BA62,0,272+
D9150629,1,22
D91C3D89,0,273+
D921FCF6,0,44
D93541F7,0,273+
D93810F8,1,22
D938DBFD,0,273+
D947BCF2,0,273+
D9511728,0,53
D95BC779,0,74
D99636F6,0,27
D9C82F32,1,19
D9DF52ED,0,273+
D9E91EFF,1,17
D9EED196,0,273+
DA1C77F4,1,17
DA1EBCA7,0,273+
DA24E7F2,0,165
DA3102EB,0,83
DA3B4A5F,1,15
DA54879B,1,16
DA5F584B,1,15
DA62ADAC,0,273+
DA6D603B,1,19
DA6EA378,1,19
DAB8942C,0,138
DAE145B0,0,271+
DAEFA87D,1,21
DAF14DEF,0,36
DB179CD6,0,62
DB17A2F2,0,273+
DB2555EF,1,19
DB3FF2FA,1,18
DB40F6EA,0,273+
DB5D51F0,0,273+
DB683BEB,0,275+
DB6BB1FE,0,59
DB9CC0F6,0,271+
DBAAC8C8,0,159
DBBEAC94,0,174
DBCCF2B0,0,85
DBD21CBE,1,21
DBDA70F7,0,276+
DBE13CF3,1,19
DBE6EFEF,0,151
DBE8F59D,0,63
DBF6B4AE,1,23
DBF7E3FA,0,273+
DC08DDF8,0,272+
DC5E6051,0,129
DC730DA6,1,23
DC7332FB,0,273+
DC9490EF,0,208
DCCC7FF1,0,63
DD0ECDA1,0,273+
DD150B4F,0,275+
DD3039F4,0,111
DD30E0F0,0,49
DD3E5FF4,0,273+
DD3EA69E,0,57
DD5B93F6,1,21
DD6692F5,0,52
DD6C15FF,0,273+
DD72F7F6,0,28
DD8D42AA,0,98
DD909DF0,0,273+
DD9136F6,0,42
DD9723EB,1,18
DD9D4F5A,1,17
DDA15BEA,1,17
DDA79ACE,0,276+
DDCA9AFF,1,21
DDEB43FE,0,62
DDF44FF3,0,273+
DDFB40F9,1,18
DE0BF640,0,50
DE0D49F1,1,17
DE1AF317,0,269+
DE2FC4AA,0,273+
DE41C19B,0,241
DE48E5E7,1,17
DE4B84F3,0,59
DE6207F2,1,19
DE6524EE,0,273+
DE7088EE,1,22
DE76B9C1,0,273+
DE87F6F3,0,118
DEC4ADF4,0,273+
DEDF3832,0,36
DEFA5C9E,0,82
DF02F52F,1,24
DF044FCC,0,274+
DF22E3B9,0,75
DF25C7F1,0,273+
DF2B0053,0,276+
DF6138F1,0,273+
DF6CAE9C,0,60
DF838EED,0,112
DF8638AB,0,274+
DF877CEE,0,241
DF9716F5,1,18
DFBBC9A2,0,118
DFDEB1EF,0,273+
E00438FE,1,15
E021A614,1,18
E02BC8F2,0,273+
E02C0FF7,0,272+
E02F19F3,1,21
E034A2F2,0,274+
E0379DE7,1,17
E03EBDF5,1,16
E0423C32,0,59
E04704AE,0,273+
E0537E7E,0,273+
E0724849,1,25
E08364F0,0,273+
E08C04DC,1,19
E08F42F0,1,23
E0A32EF3,0,68
E0AE87EC,0,273+
E0E682FF,0,56
E1016D39,1,16
E108C6FB,0,188
E1105EEC,1,19
E11320DE,1,19
E11819A8,0,256
E11D04EF,0,106
E12855EF,1,19
E12AA7FB,0,271+
E12B567C,0,272+
E131B6F3,1,16
E138DCA2,0,272+
E13C6B75,0,273+
E14B9EF8,0,177
E167D0FE,1,24
E170F2F8,0,177
E18AA1ED,0,63
E1AE18EC,0,274+
E1EE1002,0,29
E1FEE165,0,277+
E21442EF,1,21
E2341FFD,1,22
E246837C,1,19
E25ACCBB,1,19
E26C0EAC,0,273+
E2712457,0,272+
E28B01FC,0,264+
E292148F,0,273+
E29DB7C5,0,135
E2A5C6EA,0,112
E2CE089E,0,275+
E2F88890,0,279+
E3391DF9,1,19
E34601E7,1,15
E34835EC,0,30
E3675FEB,0,272+
E36A03FD,1,20
E378BEF4,1,20
E37BB18F,1,15
E37DF44E,0,273+
E37E20F5,0,46
E3BDF4ED,1,19
E3EBE7B6,1,20
E3F4CCF2,0,57
E41D154E,1,19
E420B635,1,20
E42E20EC,0,59
E4540BEF,0,30
E45413FD,1,16
E464A9B0,1,20
E466AAF3,0,57
E4727FF3,0,273+
E47408FE,1,21
E47542F4,0,273+
E47913FB,1,20
E4A45390,1,15
E4A55BEA,0,273+
E4AD07F0,1,18
E4AD67F3,0,263+
E4AE9B51,0,273+
E4B01ABE,1,15
E4DF27FA,0,40
E4EB6E6C,0,270+
E4F193D0,0,273+
E4F41EF4,0,273+
E510EF58,1,24
E51AACCD,1,15
E51AF0EE,0,117
E52EFAF2,0,274+
E530A3F3,1,22
E534D8ED,0,271+
E53C51FD,0,273+
E54CA2F0,0,234
E554C6EE,1,26
E555C6FA,1,19
E576CEEF,0,273+
E590D75E,1,23
E59BF009,1,18
E59EDAF8,0,272+
E59EDE2C,0,273+
E5A9886C,0,273+
E5CAE4F2,0,270+
E5D94BED,0,278+
E5F1E6AF,0,273+
E61255EF,1,21
E639B95C,1,21
E6461AFF,0,273+
E64701FE,0,276+
E664F2ED,0,28
E674DBDE,1,19
E68E163C,0,156
E6A41709,0,274+
E6CDABFB,1,19
E6CEADF4,1,20
E6CEFEEB,0,271+
E6E127FA,0,274+
E6EE4143,0,249
E709EB68,1,22
E714A6EF,0,273+
E71FE61F,0,271+
E72A5978,0,273+
E73C60BC,1,15
E7544E79,0,274+
E756C9F3,0,85
E7577054,0,273+
E7B4F1FA,1,18
E7B754A4,0,52
E7DDC8D7,0,273+
E7E1DD17,1,17
E810BD5A,1,19
E8190CE1,0,25
E81A8168,0,253
E82673EC,1,23
E83BFBFE,0,273+
E840B8EC,0,29
E84B44BE,1,16
E8508A74,1,17
E85EAA08,0,77
E86126FD,0,273+
E8752D71,1,24
E8762F45,0,229
E87DB054,0,184
E88C1BFE,0,273+
E8A0ECEC,0,53
E8A67CEE,1,19
E8CDA5FC,0,271+
E8D429F3,0,273+
E8F358F7,1,20
E90A8A98,0,273+
E90BEBD1,1,20
E90CECFB,0,274+
E91C6ABA,0,273+
E91E443A,1,18
E92087EF,0,265
E9433288,1,18
E9458968,0,273+
E95AC9F3,0,262+
E97A9BEE,0,271+
E9954019,0,270+
E99CA5F3,0,276+
E9AB62EA,1,22
E9B241F7,1,18
E9B5CE29,1,27
E9D3C4F1,0,271+
E9DE655E,1,21
E9EFFE0E,0,70
E9F456BF,1,18
EA01AEF2,0,34
EA1024DB,0,273+
EA221701,0,274+
EA4E58F2,0,272+
EA52C7FA,0,133
EA6856EE,0,36
EA686E13,0,181
EA828CFF,0,27
EA9FFEE7,0,270
EAB18FEC,0,266+
EAB4CBD0,0,273+
EAB76004,1,20
EABB62AF,0,227
EACF8DD5,0,273+
EAD6B405,0,273+
EAD7AA7C,0,79
EADDE1EE,0,273+
EAE34DEF,0,73
EAE632F7,0,271+
EB101363,0,107
EB17D46D,1,17
EB1A482F,0,222
EB212FF1,0,101
EB21CCC1,0,273+
EB53C6EE,0,98
EB55C012,0,271+
EB5A9DF2,0,220
EB7041F5,0,51
EB81E273,0,172
EB878879,0,276+
EB9824EC,0,273+
EBA0D14F,1,19
EBA35EEF,0,265
EBAB74FF,0,159
EBC151D4,0,41
EBD4D3F4,0,51
EBE9CCF6,0,276+
EBFA603D,0,273+
EBFD3F5D,0,273+
EC058BEC,0,25
EC29E9F6,1,16
EC46B8EC,0,273+
EC476FAC,0,206
EC5C31FA,0,211
EC752FF6,1,18
EC7D4AA5,1,21
EC9D488B,0,129
EC9DBBF8,1,19
ECA522F3,0,273+
ECB1844B,1,18
ECB4BB9B,1,16
ECE566F0,0,272+
ED3449EF,1,20
ED4E1403,1,19
ED5AC3BF,0,258+
ED5B0EF4,0,273+
ED5E0F96,1,19
ED78E048,0,263
ED7D3500,0,273+
EDB89EFC,0,160
EDBA16CB,1,19
EDC2C1F7,0,63
EDC619ED,0,273+
EDC720D5,1,17
EDC7EBC8,0,273+
EE0C7D88,1,19
EE118F52,0,271+
EE1CA1F1,0,273+
EE1CCAF6,0,220
EE2652EA,0,160
EE2C29EE,1,23
EE3CE8F3,1,17
EE67A2F0,1,17
EE71C0ED,0,82
EEA247F2,1,21
EEA486B0,1,23
EEA7BFFD,0,278+
EEB3CEED,0,135
EEB58736,0,24
EED045C0,0,116
EED90A8B,0,91
EEF2CBBB,0,36
EEF63AEF,0,273+
EF07C571,0,273+
EF14F82C,1,19
EF1871EA,0,272+
EF18B2F8,0,273+
EF1D708D,0,27
EF415A86,0,56
EF4AD0F5,1,19
EF56E8D3,0,43
EF6FA1ED,0,273+
EF7AF869,0,52
EF832127,0,273+
EFCA0217,1,21
EFE7DF25,0,69
F008D88D,1,21
F02CAAEA,0,275+
F02FC711,1,19
F03A44FC,0,109
F0642BE0,1,16
F0A2CCEB,0,143
F0B5F0EA,0,275+
F0CB14EF,0,274+
F0CB1EEB,0,273+
F0CE1BFC,0,69
F0D9F1A8,1,24
F0DFAEF5,1,18
F0EC08EF,0,272+
F0FF76E8,0,276+
F10FB9FA,1,20
F111ED87,0,190
F117A291,0,272+
F128DFFA,0,273+
F12EA2F2,0,268+
F13EB8DD,1,22
F16A04C5,0,27
F173AEC2,0,273+
F18291F2,0,95
F18EE558,0,172
F1955FAE,0,113
F19C24EC,0,273+
F1A88ED5,1,21
F1BAE6EB,0,55
F1C37AF3,0,95
F1E606F6,0,273+
F21594FB,0,276+
F2217384,0,188
F22590AE,0,273+
F2364762,0,273+
F239F32C,0,53
F2401F2A,1,19
F2488329,0,266+
F24A0EFF,1,21
F24A27B7,1,20
F24FD9EE,1,19
F27613FB,0,54
F27A0093,0,158
F27AE5EC,0,158
F2815D3B,0,65
F287B7F2,0,37
F2914684,0,119
F2B2AC62,1,24
F2BC68FF,0,271+
F2BF8260,0,26
F2BFE6BB,1,20
F2C14427,1,21
F2C694EA,0,130
F2DBB916,1,18
F2E071C0,1,24
F2FD30F3,0,270+
F31927CA,0,265+
F31F0458,1,19
F334A402,0,204
F339B6F3,1,17
F33E8E60,0,115
F3491496,0,275+
F34E8CF6,0,140
F353B09F,0,35
F377B2A4,0,116
F383F3B9,0,271
F3965D33,0,269+
F3B6C6F5,0,37
F3CDAFF8,1,19
F3F00652,0,167
F41226D0,0,272+
F417FC38,0,273+
F466CDA0,1,19
F48B8C64,0,126
F490CDCC,0,267+
F493A5DF,1,18
F49AAA40,0,273+
F49DF5EA,0,56
F4A0A71E,1,20
F4C1209C,0,273+
F4C597D2,0,271+
F4C76BC8,1,23
F4D1B5B8,0,273+
F4F11EF4,0,83
F50151F4,0,273+
F51DDF7A,0,172
F53B04EF,1,18
F53F02EB,1,18
F5412FF8,0,273+
F54997F3,0,273+
F5532C47,0,136
F561B0F2,0,273+
F56681F7,0,273+
F56AFDEA,0,273+
F56CD0F3,0,53
F56EFDEA,0,264
F570C23D,1,23
F57C9EFE,1,21
F57CB53D,0,273+
F5851E0C,0,22
F58A18F9,0,273+
F596CFD2,0,91
F5A45BEA,1,19
F5C7CCF4,0,273+
F61DD6C1,0,132
F62D48A0,0,279+
F63C949A,1,17
F641DCFE,0,273+
F64B5B3B,1,21
F652ECEE,0,276+
F66BA93E,1,18
F68064F0,1,16
F6AAAF17,0,155
F6ABE6EB,0,273+
F6AC90EF,1,21
F6AEB0F0,0,273+
F6BC6617,0,67
F6C26843,0,170
F6C83CF3,0,134
F6D0E1ED,1,21
F6D2CD72,1,16
F6D844EB,1,19
F6DC6CD6,0,274+
F6DD3EF7,0,272+
F7294EED,0,270+
F730105A,0,142
F73A8ED1,0,274+
F748F1D8,0,273+
F760DCF3,0,273+
F76437CA,0,34
F767F7BC,1,21
F76FAD74,0,273+
F77E53F8,0,68
F78C0BB1,1,18
F78F1D57,0,263+
F7906477,0,273+
F791ADF6,0,92
F7974686,0,33
F79826F0,0,237
F7A62DBA,0,112
F7CE642F,1,20
F7CEF05A,0,94
F8018BEC,0,95
F8030397,0,273+
F8032BEE,0,272+
F80363F3,0,274+
F8081BF7,1,21
F810C351,1,18
F815BAFB,1,16
F833D6FF,0,274+
F841C9B6,1,17
F8476C23,0,131
F848716A,1,21
F877E0EE,0,234
F88D3BBE,0,260
F89ED35A,0,88
F90579ED,0,273+
F91548EE,1,22
F93796BC,0,30
F94221AB,0,271+
F949AA0F,1,20
F94A6724,1,23
F96768B2,0,273+
F971D489,0,273+
F976D0FE,0,273+
F9840BF8,0,274+
F9B498E9,0,83
F9E808FA,0,272+
F9FD517F,1,23
FA288093,0,79
FA2986F9,0,273+
FA4FFE2D,0,49
FA54EEF2,1,18
FA5DC9F3,0,274+
FAA2CCEB,0,273+
FAB10317,0,275+
FAD10FDB,0,273+
FAD8D7F1,0,244
FAE18A30,0,273+
FAF1A341,1,24
FB196DED,1,16
FB271AFF,0,273+
FB42A2FB,1,21
FB454AC2,1,18
FB6A5FF2,0,273+
FB6C300A,1,20
FB70DDFF,0,134
FB7299EA,0,213
FB82ED0C,1,23
FB85F1EA,1,20
FBA18E32,0,273+
FBAC3281,0,273+
FBB67840,1,25
FBC58DFE,0,204
FBCAE7F7,0,64
FBEB51EC,1,21
FBF8D9F3,0,187
FC11FCC4,1,20
FC1EF8C7,1,19
FC349C09,0,272+
FC38FCF6,1,19
FC4B318E,0,45
FC4E95FA,0,253
FC4EC9FE,0,273+
FC51B71A,1,27
FC540682,0,274+
FC573BEB,0,190
FC99D8F4,0,273+
FC9A2215,0,135
FCAE91F0,0,59
FCB230A7,1,22
FCB2E0EC,0,273+
FCCE29F3,0,273+
FCDE0DED,0,90
FCF13DFF,0,273+
FCF1B60F,0,148
FD0B9FF8,0,61
FD0C15F4,0,273+
FD37DAFC,1,18
FD38A6ED,0,102
FD3D6CAF,0,273+
FD3DE591,0,273+
FD85DF5D,1,21
FD85FDEA,0,273+
FD92ECEF,0,271+
FD95C8F9,0,271+
FD965AAC,0,137
FDA490DF,0,265+
FDCA93FD,1,19
FDF53039,0,273+
FE0D703E,0,39
FE261137,0,110
FE7067F3,1,21
FE70AAA2,0,43
FE7FF4AC,0,273+
FE9CB443,0,54
FEB2A7C1,1,20
FEBF99F3,1,15
FECC64E8,0,56
FECC92FC,0,265+
FEE108EF,0,260+
FEEDF48A,0,22
FEFB04FD,0,44
FF168DF9,0,55
FF1D58C4,0,275+
FF23F6EC,1,19
FF246EEE,0,57
FF2C29EE,1,24
FF30E5EE,0,274+
FF4234EB,1,17
FF4934EB,0,273+
FF5A6EF4,0,262
FF647583,1,23
FF84378F,1,21
FF930751,0,131
FFC5D2FE,0,273+
FFD47031,0,157
